推荐日,策略,排名,代码,TS代码,名称,行业,板块,AI观点,AI评分,AI置信度,推荐价,次日,次日价,次日收益%,累计收益%,累计推荐次数,最新价,最新价日期
20260224,启动前夕,1,603980,603980.SH,吉华集团,染料涂料,主板,,,,8.26,20260225,8.4,1.6949,-20.8232,2,6.54,20260702
20260224,启动前夕,2,600722,600722.SH,金牛化工,化工原料,主板,,,,9.74,20260225,9.94,2.0534,-13.347,2,8.44,20260702
20260224,启动前夕,3,000070,000070.SZ,特发信息,通信设备,主板,,,,18.2,20260225,18.14,-0.3297,-1.6484,2,17.9,20260702
20260224,启动前夕,4,300812,300812.SZ,易天股份,专用机械,创业板,,,,44.44,20260225,43.2,-2.7903,-37.0387,3,27.98,20260702
20260224,启动前夕,5,300846,300846.SZ,首都在线,软件服务,创业板,加仓/持有,75.0,中,35.14,20260225,31.8,-9.5048,-40.0683,2,21.06,20260702
20260224,启动前夕,6,603950,603950.SH,长源东谷,汽车配件,主板,持有,50.0,低,38.78,20260225,36.78,-5.1573,109.2831,2,81.16,20260702
20260224,启动前夕,7,300819,300819.SZ,聚杰微纤,纺织,创业板,,,,51.73,20260225,53.38,3.1896,28.7261,1,66.59,20260702
20260224,启动前夕,8,002634,002634.SZ,棒杰股份,服饰,主板,,,,7.51,20260225,7.21,-3.9947,-38.6152,1,4.61,20260702
20260224,启动前夕,9,300739,300739.SZ,明阳电路,元器件,创业板,,,,25.03,20260225,29.3,17.0595,31.1626,2,32.83,20260702
20260224,启动前夕,10,300570,300570.SZ,太辰光,通信设备,创业板,,,,147.97,20260225,139.31,-5.8525,59.2823,2,235.69,20260702
20260224,启动前夕,11,002009,002009.SZ,天奇股份,工程机械,主板,观望,53.0,中,35.87,20260225,33.23,-7.3599,-41.734,5,20.9,20260702
20260224,启动前夕,12,301362,301362.SZ,民爆光电,电气设备,创业板,,,,87.98,20260225,91.09,3.5349,93.0552,2,169.85,20260702
20260224,启动前夕,13,300480,300480.SZ,光力科技,专用机械,创业板,,,,27.53,20260225,27.72,0.6902,55.83,1,42.9,20260702
20260224,启动前夕,14,301580,301580.SZ,爱迪特,医疗保健,创业板,,,,69.52,20260225,75.8,9.0334,-11.3205,1,61.65,20260702
20260224,启动前夕,15,603618,603618.SH,杭电股份,电气设备,主板,持有,50.0,低,15.8,20260225,15.14,-4.1772,201.2025,4,47.59,20260702
20260224,启动前夕,16,600683,600683.SH,京投发展,区域地产,主板,,,,7.11,20260225,7.47,5.0633,61.6034,1,11.49,20260702
20260224,启动前夕,17,603150,603150.SH,万朗磁塑,塑料,主板,,,,60.31,20260225,58.07,-3.7141,19.3832,1,72.0,20260702
20260224,启动前夕,18,301018,301018.SZ,申菱环境,专用机械,创业板,观望,68.0,中,96.91,20260225,97.71,0.8255,10.9896,2,107.56,20260702
20260224,启动前夕,19,600590,600590.SH,泰豪科技,通信设备,主板,,,,13.34,20260225,14.01,5.0225,-28.5607,1,9.53,20260702
20260224,启动前夕,20,002378,002378.SZ,章源钨业,小金属,主板,买入,78.0,中,30.5,20260225,33.55,10.0,16.1639,3,35.43,20260702
20260225,启动前夕,1,603618,603618.SH,杭电股份,电气设备,主板,持有,50.0,低,15.14,20260226,16.5,8.9828,214.3329,4,47.59,20260702
20260225,启动前夕,2,300812,300812.SZ,易天股份,专用机械,创业板,,,,43.2,20260226,45.55,5.4398,-35.2315,3,27.98,20260702
20260225,启动前夕,3,002455,002455.SZ,百川股份,化工原料,主板,,,,14.32,20260226,14.1,-1.5363,-46.2989,1,7.69,20260702
20260225,启动前夕,4,301362,301362.SZ,民爆光电,电气设备,创业板,,,,91.09,20260226,90.66,-0.4721,86.4639,2,169.85,20260702
20260225,启动前夕,5,605006,605006.SH,山东玻纤,玻璃,主板,,,,10.69,20260226,11.1,3.8354,84.0037,1,19.67,20260702
20260225,启动前夕,6,600482,600482.SH,中国动力,船舶,主板,,,,33.42,20260226,34.15,2.1843,-4.4883,1,31.92,20260702
20260225,启动前夕,7,300264,300264.SZ,佳创视讯,软件服务,创业板,观望,76.0,中,10.82,20260226,11.09,2.4954,-21.2569,1,8.52,20260702
20260225,启动前夕,8,301281,301281.SZ,科源制药,化学制药,创业板,,,,41.82,20260226,42.75,2.2238,38.8092,1,58.05,20260702
20260225,启动前夕,9,600176,600176.SH,中国巨石,玻璃,主板,,,,27.62,20260226,28.5,3.1861,145.5467,2,67.82,20260702
20260225,启动前夕,10,600722,600722.SH,金牛化工,化工原料,主板,,,,9.94,20260226,9.65,-2.9175,-15.0905,2,8.44,20260702
20260225,启动前夕,11,600791,600791.SH,京能置业,全国地产,主板,观望,68.0,中,8.1,20260226,8.31,2.5926,0.6173,1,8.15,20260702
20260225,启动前夕,12,603980,603980.SH,吉华集团,染料涂料,主板,,,,8.4,20260226,8.24,-1.9048,-22.1429,2,6.54,20260702
20260225,启动前夕,13,002806,002806.SZ,华锋股份,汽车配件,主板,,,,16.5,20260226,16.84,2.0606,11.697,1,18.43,20260702
20260225,启动前夕,14,600345,600345.SH,长江通信,通信设备,主板,,,,42.89,20260226,43.51,1.4456,37.2581,1,58.87,20260702
20260225,启动前夕,15,300277,300277.SZ,海联讯,机械基件,创业板,,,,21.39,20260226,25.0,16.877,-31.2763,1,14.7,20260702
20260225,启动前夕,16,000070,000070.SZ,特发信息,通信设备,主板,,,,18.14,20260226,18.12,-0.1103,-1.323,2,17.9,20260702
20260225,启动前夕,17,301018,301018.SZ,申菱环境,专用机械,创业板,观望,68.0,中,97.71,20260226,108.85,11.4011,10.0809,2,107.56,20260702
20260225,启动前夕,18,603308,603308.SH,应流股份,机械基件,主板,,,,66.42,20260226,73.06,9.997,-11.3219,1,58.9,20260702
20260225,启动前夕,19,300749,300749.SZ,顶固集创,家居用品,创业板,,,,35.6,20260226,32.59,-8.4551,-27.5562,1,25.79,20260702
20260225,启动前夕,20,603301,603301.SH,振德医疗,医疗保健,主板,,,,89.79,20260226,87.59,-2.4502,-6.4038,1,84.04,20260702
20260226,启动前夕,1,600589,600589.SH,大位科技,软件服务,主板,持有/小仓位介入,62.0,中,12.55,20260227,13.04,3.9044,-22.8685,2,9.68,20260702
20260226,启动前夕,2,002506,002506.SZ,协鑫集成,电气设备,主板,观望,68.0,中,5.03,20260227,5.01,-0.3976,-39.5626,1,3.04,20260702
20260226,启动前夕,3,600410,600410.SH,华胜天成,软件服务,主板,观望,58.0,中,27.27,20260227,28.94,6.1239,-42.3542,7,15.72,20260702
20260226,启动前夕,4,300570,300570.SZ,太辰光,通信设备,创业板,,,,143.7,20260227,135.86,-5.4558,64.0153,2,235.69,20260702
20260226,启动前夕,5,002054,002054.SZ,德美化工,染料涂料,主板,,,,11.53,20260227,11.53,0.0,-39.4623,1,6.98,20260702
20260226,启动前夕,6,300249,300249.SZ,依米康,IT设备,创业板,买入,68.0,中,18.36,20260227,17.85,-2.7778,-20.5338,3,14.59,20260702
20260226,启动前夕,7,603618,603618.SH,杭电股份,电气设备,主板,持有,50.0,低,16.5,20260227,18.15,10.0,188.4242,4,47.59,20260702
20260226,启动前夕,8,603960,603960.SH,克来机电,汽车配件,主板,,,,26.24,20260227,26.03,-0.8003,-33.2698,1,17.51,20260702
20260226,启动前夕,9,300107,300107.SZ,建新股份,化工原料,创业板,,,,9.65,20260227,9.45,-2.0725,-40.829,1,5.71,20260702
20260226,启动前夕,10,600330,600330.SH,天通股份,专用机械,主板,,,,17.56,20260227,17.15,-2.3349,58.8838,1,27.9,20260702
20260226,启动前夕,11,002837,002837.SZ,英维克,专用机械,主板,,,,113.7,20260227,108.5,-4.5734,-37.2032,1,71.4,20260702
20260226,启动前夕,12,301588,301588.SZ,美新科技,家居用品,创业板,,,,25.09,20260227,24.71,-1.5145,94.8187,1,48.88,20260702
20260226,启动前夕,13,600498,600498.SH,烽火通信,通信设备,主板,观望,52.0,中,46.86,20260227,51.55,10.0085,35.9795,2,63.72,20260702
20260226,启动前夕,14,002323,002323.SZ,雅博股份,建筑工程,主板,,,,2.48,20260227,2.42,-2.4194,-43.5484,1,1.4,20260702
20260226,启动前夕,15,920662,920662.BJ,方盛股份,机械基件,北交所,,,,32.62,20260227,32.25,-1.1343,-20.8768,1,25.81,20260702
20260226,启动前夕,16,300657,300657.SZ,弘信电子,元器件,创业板,,,,32.95,20260227,33.61,2.003,24.4006,1,40.99,20260702
20260226,启动前夕,17,000815,000815.SZ,美利云,通信设备,主板,,,,14.6,20260227,15.0,2.7397,-2.4658,1,14.24,20260702
20260226,启动前夕,18,002155,002155.SZ,湖南黄金,黄金,主板,买入,85.0,高,34.27,20260227,37.7,10.0088,-28.3338,1,24.56,20260702
20260226,启动前夕,19,002272,002272.SZ,川润股份,机械基件,主板,,,,19.21,20260227,19.47,1.3535,24.7267,2,23.96,20260702
20260226,启动前夕,20,300812,300812.SZ,易天股份,专用机械,创业板,,,,45.55,20260227,45.52,-0.0659,-38.573,3,27.98,20260702
20260227,启动前夕,1,300846,300846.SZ,首都在线,软件服务,创业板,加仓/持有,75.0,中,35.5,20260302,35.3,-0.5634,-40.6761,2,21.06,20260702
20260227,启动前夕,2,600589,600589.SH,大位科技,软件服务,主板,持有/小仓位介入,62.0,中,13.04,20260302,12.22,-6.2883,-25.7669,2,9.68,20260702
20260227,启动前夕,3,600410,600410.SH,华胜天成,软件服务,主板,观望,58.0,中,28.94,20260302,29.98,3.5936,-45.6807,7,15.72,20260702
20260227,启动前夕,4,600010,600010.SH,包钢股份,普钢,主板,买入,63.0,中,3.24,20260302,3.32,2.4691,-31.4815,3,2.22,20260702
20260227,启动前夕,5,600821,600821.SH,金开新能,新型电力,主板,持仓者持有/空仓者观望,58.0,中,7.39,20260302,7.4,0.1353,-17.0501,2,6.13,20260702
20260227,启动前夕,6,603738,603738.SH,泰晶科技,元器件,主板,持仓者减仓/空仓者观望,58.0,高,21.78,20260302,23.96,10.0092,172.9568,2,59.45,20260702
20260227,启动前夕,7,601975,601975.SH,招商南油,水运,主板,持有/回踩买入,72.0,中,4.11,20260302,4.52,9.9757,-10.4623,4,3.68,20260702
20260227,启动前夕,8,002177,002177.SZ,御银股份,其他商业,主板,观望,55.0,中,9.69,20260302,9.28,-4.2312,-42.2085,1,5.6,20260702
20260227,启动前夕,9,300369,300369.SZ,绿盟科技,软件服务,创业板,买入,65.0,中,9.73,20260302,9.2,-5.4471,-43.0627,1,5.54,20260702
20260227,启动前夕,10,002015,002015.SZ,协鑫能科,新型电力,主板,持有,72.0,中,14.16,20260302,13.71,-3.178,11.0876,3,15.73,20260702
20260227,启动前夕,11,600126,600126.SH,杭钢股份,普钢,主板,观望,45.0,中,9.94,20260302,9.59,-3.5211,-39.2354,1,6.04,20260702
20260227,启动前夕,12,600397,600397.SH,江钨装备,专用机械,主板,持有,50.0,低,21.53,20260302,21.5,-0.1393,32.3734,2,28.5,20260702
20260227,启动前夕,13,603618,603618.SH,杭电股份,电气设备,主板,持有,50.0,低,18.15,20260302,18.33,0.9917,162.2039,4,47.59,20260702
20260227,启动前夕,14,603138,603138.SH,海量数据,软件服务,主板,小仓位逢低买入/持有,60.0,中,22.8,20260302,22.3,-2.193,-38.3333,1,14.06,20260702
20260227,启动前夕,15,603950,603950.SH,长源东谷,汽车配件,主板,持有,50.0,低,44.51,20260302,48.96,9.9978,82.341,2,81.16,20260702
20260227,启动前夕,16,000628,000628.SZ,高新发展,建筑工程,主板,持有,50.0,低,57.31,20260302,57.08,-0.4013,-16.4544,1,47.88,20260702
20260227,启动前夕,17,000767,000767.SZ,晋控电力,火力发电,主板,观望,45.0,中,3.78,20260302,3.67,-2.9101,0.7937,1,3.81,20260702
20260227,启动前夕,18,600157,600157.SH,永泰能源,火力发电,主板,持有,50.0,低,1.83,20260302,1.91,4.3716,-14.2077,2,1.57,20260702
20260227,启动前夕,19,002655,002655.SZ,共达电声,元器件,主板,持有,50.0,低,17.12,20260302,17.75,3.6799,145.4439,1,42.02,20260702
20260227,启动前夕,20,300395,300395.SZ,菲利华,玻璃,创业板,持有,50.0,低,134.32,20260302,129.5,-3.5884,-12.7457,1,117.2,20260702
20260302,启动前夕,1,600176,600176.SH,中国巨石,玻璃,主板,,,,28.35,20260303,26.45,-6.7019,139.224,2,67.82,20260702
20260302,启动前夕,2,601857,601857.SH,中国石油,石油开采,主板,观望,52.0,中,11.95,20260303,13.15,10.0418,-26.1925,2,8.82,20260702
20260302,启动前夕,3,601975,601975.SH,招商南油,水运,主板,持有/回踩买入,72.0,中,4.52,20260303,4.97,9.9558,-18.5841,4,3.68,20260702
20260302,启动前夕,4,600938,600938.SH,中国海油,石油开采,主板,观望,45.0,中,39.46,20260303,43.41,10.0101,-32.2098,3,26.75,20260702
20260302,启动前夕,5,002384,002384.SZ,东山精密,元器件,主板,,,,91.03,20260303,94.88,4.2294,143.5241,2,221.68,20260702
20260302,启动前夕,6,600410,600410.SH,华胜天成,软件服务,主板,观望,58.0,中,29.98,20260303,27.85,-7.1047,-47.565,7,15.72,20260702
20260302,启动前夕,7,000988,000988.SZ,华工科技,专用机械,主板,买入,75.0,中,94.97,20260303,95.83,0.9055,64.473,3,156.2,20260702
20260302,启动前夕,8,603688,603688.SH,石英股份,矿物制品,主板,,,,52.08,20260303,48.57,-6.7396,38.3449,1,72.05,20260702
20260302,启动前夕,9,300249,300249.SZ,依米康,IT设备,创业板,买入,68.0,中,19.78,20260303,18.84,-4.7523,-26.2386,3,14.59,20260702
20260302,启动前夕,10,601872,601872.SH,招商轮船,水运,主板,,,,17.86,20260303,19.65,10.0224,-7.4468,2,16.53,20260702
20260302,启动前夕,11,603738,603738.SH,泰晶科技,元器件,主板,持仓者减仓/空仓者观望,58.0,高,23.96,20260303,23.0,-4.0067,148.1219,2,59.45,20260702
20260302,启动前夕,12,002541,002541.SZ,鸿路钢构,钢加工,主板,,,,24.74,20260303,23.83,-3.6783,-26.637,1,18.15,20260702
20260302,启动前夕,13,600026,600026.SH,中远海能,水运,主板,,,,22.64,20260303,24.9,9.9823,-27.1201,2,16.5,20260702
20260302,启动前夕,14,605366,605366.SH,宏柏新材,化工原料,主板,,,,9.5,20260303,9.97,4.9474,32.9474,1,12.63,20260702
20260302,启动前夕,15,300814,300814.SZ,中富电路,元器件,创业板,,,,109.78,20260303,103.29,-5.9118,58.3166,1,173.8,20260702
20260302,启动前夕,16,300715,300715.SZ,凯伦股份,其他建材,创业板,,,,14.66,20260303,14.72,0.4093,13.0969,1,16.58,20260702
20260302,启动前夕,17,600010,600010.SH,包钢股份,普钢,主板,买入,63.0,中,3.32,20260303,3.01,-9.3373,-33.1325,3,2.22,20260702
20260302,启动前夕,18,600028,600028.SH,中国石化,石油加工,主板,,,,7.11,20260303,7.82,9.9859,-35.3024,2,4.6,20260702
20260302,启动前夕,19,600583,600583.SH,海油工程,石油开采,主板,,,,7.93,20260303,8.72,9.9622,-35.8134,2,5.09,20260702
20260302,启动前夕,20,301489,301489.SZ,思泉新材,元器件,创业板,,,,206.8,20260303,202.04,-2.3017,-20.9284,1,163.52,20260702
20260303,启动前夕,1,601857,601857.SH,中国石油,石油开采,主板,观望,52.0,中,13.15,20260304,13.24,0.6844,-32.9278,2,8.82,20260702
20260303,启动前夕,2,600028,600028.SH,中国石化,石油加工,主板,,,,7.82,20260304,7.4,-5.3708,-41.1765,2,4.6,20260702
20260303,启动前夕,3,600938,600938.SH,中国海油,石油开采,主板,观望,45.0,中,43.41,20260304,42.85,-1.29,-38.3783,3,26.75,20260702
20260303,启动前夕,4,600256,600256.SH,广汇能源,石油开采,主板,,,,7.12,20260304,6.88,-3.3708,-27.6685,1,5.15,20260702
20260303,启动前夕,5,601872,601872.SH,招商轮船,水运,主板,,,,19.65,20260304,17.71,-9.8728,-15.8779,2,16.53,20260702
20260303,启动前夕,6,601919,601919.SH,中远海控,水运,主板,持有,50.0,低,16.97,20260304,15.85,-6.5999,-22.2746,5,13.19,20260702
20260303,启动前夕,7,600989,600989.SH,宝丰能源,化工原料,主板,,,,28.51,20260304,26.95,-5.4718,-27.9551,2,20.54,20260702
20260303,启动前夕,8,601975,601975.SH,招商南油,水运,主板,持有/回踩买入,72.0,中,4.97,20260304,5.22,5.0302,-25.9557,4,3.68,20260702
20260303,启动前夕,9,002015,002015.SZ,协鑫能科,新型电力,主板,持有,72.0,中,14.13,20260304,14.31,1.2739,11.3234,3,15.73,20260702
20260303,启动前夕,10,600026,600026.SH,中远海能,水运,主板,,,,24.9,20260304,23.79,-4.4578,-33.7349,2,16.5,20260702
20260303,启动前夕,11,600583,600583.SH,海油工程,石油开采,主板,,,,8.72,20260304,8.17,-6.3073,-41.6284,2,5.09,20260702
20260303,启动前夕,12,002384,002384.SZ,东山精密,元器件,主板,,,,94.88,20260304,95.0,0.1265,133.6425,2,221.68,20260702
20260303,启动前夕,13,600744,600744.SH,华银电力,火力发电,主板,,,,8.39,20260304,8.22,-2.0262,-23.7187,1,6.4,20260702
20260303,启动前夕,14,002001,002001.SZ,新和成,化学制药,主板,,,,33.89,20260304,33.3,-1.7409,-10.8292,2,30.22,20260702
20260303,启动前夕,15,601866,601866.SH,中远海发,水运,主板,,,,3.25,20260304,2.94,-9.5385,-29.8462,1,2.28,20260702
20260303,启动前夕,16,601969,601969.SH,海南矿业,普钢,主板,,,,13.65,20260304,13.44,-1.5385,-36.1905,1,8.71,20260702
20260303,启动前夕,17,603393,603393.SH,新天然气,供气供热,主板,,,,41.0,20260304,39.0,-4.878,-45.3659,2,22.4,20260702
20260303,启动前夕,18,002911,002911.SZ,佛燃能源,供气供热,主板,,,,17.77,20260304,15.99,-10.0169,-43.2189,1,10.09,20260702
20260303,启动前夕,19,300135,300135.SZ,宝利国际,石油加工,创业板,,,,5.16,20260304,4.67,-9.4961,-39.7287,1,3.11,20260702
20260303,启动前夕,20,600108,600108.SH,亚盛集团,种植业,主板,,,,4.81,20260304,5.29,9.9792,-34.9272,2,3.13,20260702
20260304,启动前夕,1,000988,000988.SZ,华工科技,专用机械,主板,买入,75.0,中,101.55,20260305,106.61,4.9828,53.8159,3,156.2,20260702
20260304,启动前夕,2,600410,600410.SH,华胜天成,软件服务,主板,观望,58.0,中,29.06,20260305,28.35,-2.4432,-45.905,7,15.72,20260702
20260304,启动前夕,3,600875,600875.SH,东方电气,电气设备,主板,,,,38.37,20260305,42.21,10.0078,-27.2609,1,27.91,20260702
20260304,启动前夕,4,002378,002378.SZ,章源钨业,小金属,主板,买入,78.0,中,44.98,20260305,41.8,-7.0698,-21.2317,3,35.43,20260702
20260304,启动前夕,5,002498,002498.SZ,汉缆股份,电气设备,主板,持有,68.0,中,8.13,20260305,8.94,9.9631,-19.9262,1,6.51,20260702
20260304,启动前夕,6,600498,600498.SH,烽火通信,通信设备,主板,观望,52.0,中,58.44,20260305,56.77,-2.8576,9.0349,2,63.72,20260702
20260304,启动前夕,7,001896,001896.SZ,豫能控股,火力发电,主板,卖出,28.0,高,14.26,20260305,14.44,1.2623,10.1683,1,15.71,20260702
20260304,启动前夕,8,002272,002272.SZ,川润股份,机械基件,主板,,,,21.07,20260305,21.01,-0.2848,13.7162,2,23.96,20260702
20260304,启动前夕,9,600821,600821.SH,金开新能,新型电力,主板,持仓者持有/空仓者观望,58.0,中,7.87,20260305,7.82,-0.6353,-22.1093,2,6.13,20260702
20260304,启动前夕,10,300303,300303.SZ,聚飞光电,半导体,创业板,,,,10.44,20260305,12.53,20.0192,-7.8544,1,9.62,20260702
20260304,启动前夕,11,002897,002897.SZ,意华股份,元器件,主板,,,,68.52,20260305,69.8,1.8681,15.8786,1,79.4,20260702
20260304,启动前夕,12,600108,600108.SH,亚盛集团,种植业,主板,,,,5.29,20260305,5.02,-5.104,-40.8318,2,3.13,20260702
20260304,启动前夕,13,600149,600149.SH,廊坊发展,综合类,主板,,,,6.97,20260305,6.87,-1.4347,-33.8594,1,4.61,20260702
20260304,启动前夕,14,603530,603530.SH,神马电力,电气设备,主板,,,,67.21,20260305,71.48,6.3532,-27.1686,1,48.95,20260702
20260304,启动前夕,15,601975,601975.SH,招商南油,水运,主板,持有/回踩买入,72.0,中,5.22,20260305,4.94,-5.364,-29.5019,4,3.68,20260702
20260304,启动前夕,16,003035,003035.SZ,南网能源,新型电力,主板,,,,8.4,20260305,8.96,6.6667,-32.381,1,5.68,20260702
20260304,启动前夕,17,600236,600236.SH,桂冠电力,水力发电,主板,,,,10.85,20260305,11.62,7.0968,-13.3641,1,9.4,20260702
20260304,启动前夕,18,600545,600545.SH,卓郎智能,纺织机械,主板,,,,3.43,20260305,3.77,9.9125,90.379,1,6.53,20260702
20260304,启动前夕,19,603318,603318.SH,水发燃气,供气供热,主板,,,,10.67,20260305,9.6,-10.0281,-8.6223,1,9.75,20260702
20260304,启动前夕,20,002348,002348.SZ,高乐股份,文教休闲,主板,,,,8.43,20260305,8.15,-3.3215,27.5208,1,10.75,20260702
20260305,启动前夕,1,002008,002008.SZ,大族激光,专用机械,主板,,,,71.48,20260306,69.54,-2.714,74.8881,1,125.01,20260702
20260305,启动前夕,2,600089,600089.SH,特变电工,电气设备,主板,,,,32.78,20260306,32.23,-1.6779,-33.4045,1,21.83,20260702
20260305,启动前夕,3,002639,002639.SZ,雪人集团,专用机械,主板,,,,22.41,20260306,21.98,-1.9188,-38.6881,1,13.74,20260702
20260305,启动前夕,4,300296,300296.SZ,利亚德,元器件,创业板,,,,9.14,20260306,8.55,-6.4551,-40.919,1,5.4,20260702
20260305,启动前夕,5,300179,300179.SZ,四方达,矿物制品,创业板,观望,68.0,中,27.0,20260306,26.0,-3.7037,113.1481,1,57.55,20260702
20260305,启动前夕,6,601727,601727.SH,上海电气,电气设备,主板,观望,45.0,中,9.46,20260306,9.36,-1.0571,-27.2727,2,6.88,20260702
20260305,启动前夕,7,300423,300423.SZ,昇辉科技,电气设备,创业板,,,,11.58,20260306,11.22,-3.1088,-51.468,1,5.62,20260702
20260305,启动前夕,8,300499,300499.SZ,高澜股份,专用机械,创业板,观望,68.0,中,38.66,20260306,37.8,-2.2245,-6.4925,1,36.15,20260702
20260305,启动前夕,9,002248,002248.SZ,华东数控,机床制造,主板,,,,13.82,20260306,13.92,0.7236,-33.068,1,9.25,20260702
20260305,启动前夕,10,002353,002353.SZ,杰瑞股份,化工机械,主板,,,,123.41,20260306,122.5,-0.7374,18.9369,1,146.78,20260702
20260305,启动前夕,11,300153,300153.SZ,科泰电源,电气设备,创业板,买入,68.0,中,36.99,20260306,39.44,6.6234,-40.0378,2,22.18,20260702
20260305,启动前夕,12,300739,300739.SZ,明阳电路,元器件,创业板,,,,30.01,20260306,30.2,0.6331,9.3969,2,32.83,20260702
20260305,启动前夕,13,002436,002436.SZ,兴森科技,元器件,主板,,,,25.53,20260306,25.09,-1.7235,77.8692,1,45.41,20260702
20260305,启动前夕,14,600410,600410.SH,华胜天成,软件服务,主板,观望,58.0,中,28.35,20260306,29.73,4.8677,-44.5503,7,15.72,20260702
20260305,启动前夕,15,600513,600513.SH,联环药业,化学制药,主板,,,,22.16,20260306,22.66,2.2563,-30.0542,1,15.5,20260702
20260305,启动前夕,16,601611,601611.SH,中国核建,建筑工程,主板,,,,16.79,20260306,16.56,-1.3699,-36.2716,1,10.7,20260702
20260305,启动前夕,17,001267,001267.SZ,汇绿生态,建筑工程,主板,,,,36.96,20260306,39.19,6.0335,26.7587,1,46.85,20260702
20260305,启动前夕,18,002300,002300.SZ,太阳电缆,电气设备,主板,,,,10.15,20260306,10.52,3.6453,-33.202,1,6.78,20260702
20260305,启动前夕,19,002366,002366.SZ,融发核电,专用机械,主板,,,,8.2,20260306,8.08,-1.4634,-30.122,1,5.73,20260702
20260305,启动前夕,20,300990,300990.SZ,同飞股份,专用机械,创业板,,,,91.94,20260306,91.0,-1.0224,4.851,1,96.4,20260702
20260306,启动前夕,,601179,601179.SH,中国西电,电气设备,主板,,,,19.3,20260309,20.17,4.5078,-27.1503,1,14.06,20260702
20260306,启动前夕,,600989,600989.SH,宝丰能源,化工原料,主板,,,,28.63,20260309,30.64,7.0206,-28.2571,2,20.54,20260702
20260306,启动前夕,,600470,600470.SH,六国化工,农药化肥,主板,,,,8.37,20260309,8.65,3.3453,-23.5364,2,6.4,20260702
20260306,启动前夕,,600410,600410.SH,华胜天成,软件服务,主板,观望,58.0,中,29.73,20260309,30.51,2.6236,-47.1241,7,15.72,20260702
20260306,启动前夕,,600397,600397.SH,江钨装备,专用机械,主板,持有,50.0,低,19.99,20260309,20.47,2.4012,42.5713,2,28.5,20260702
20260306,启动前夕,,600227,600227.SH,赤天化,农药化肥,主板,,,,3.29,20260309,3.62,10.0304,-22.4924,1,2.55,20260702
20260306,启动前夕,,300505,300505.SZ,川金诺,农药化肥,创业板,,,,36.12,20260309,35.12,-2.7685,-29.485,1,25.47,20260702
20260306,启动前夕,,300437,300437.SZ,清水源,化工原料,创业板,,,,20.08,20260309,19.38,-3.4861,-42.5797,1,11.53,20260702
20260306,启动前夕,,300153,300153.SZ,科泰电源,电气设备,创业板,买入,68.0,中,39.44,20260309,38.32,-2.8398,-43.7627,2,22.18,20260702
20260306,启动前夕,,002913,002913.SZ,奥士康,元器件,主板,,,,53.12,20260309,53.18,0.113,9.2244,1,58.02,20260702
20260306,启动前夕,,002843,002843.SZ,泰嘉股份,钢加工,主板,,,,27.93,20260309,26.66,-4.5471,-20.0143,1,22.34,20260702
20260306,启动前夕,,002546,002546.SZ,新联电子,电气设备,主板,,,,11.39,20260309,11.67,2.4583,-35.1185,2,7.39,20260702
20260306,启动前夕,,002470,002470.SZ,金正大,农药化肥,主板,,,,2.86,20260309,2.96,3.4965,-27.6224,2,2.07,20260702
20260306,启动前夕,,002378,002378.SZ,章源钨业,小金属,主板,买入,78.0,中,44.7,20260309,44.91,0.4698,-20.7383,3,35.43,20260702
20260306,启动前夕,,002261,002261.SZ,拓维信息,软件服务,主板,持有,72.0,中,39.05,20260309,42.96,10.0128,-23.4571,1,29.89,20260702
20260306,启动前夕,,002015,002015.SZ,协鑫能科,新型电力,主板,持有,72.0,中,15.62,20260309,17.18,9.9872,0.7042,3,15.73,20260702
20260306,启动前夕,,002001,002001.SZ,新和成,化学制药,主板,,,,36.3,20260309,36.2,-0.2755,-16.7493,2,30.22,20260702
20260306,启动前夕,,001696,001696.SZ,宗申动力,摩托车,主板,观望/减仓,35.0,高,25.54,20260309,24.6,-3.6805,-23.1793,1,19.62,20260702
20260306,启动前夕,,000988,000988.SZ,华工科技,专用机械,主板,买入,75.0,中,114.78,20260309,118.6,3.3281,36.0864,3,156.2,20260702
20260306,启动前夕,,000833,000833.SZ,粤桂股份,综合类,主板,观望,52.0,中,26.32,20260309,26.66,1.2918,-7.2948,1,24.4,20260702
20260309,启动前夕,1,002594,002594.SZ,比亚迪,汽车整车,主板,,,,97.52,20260310,96.6,-0.9434,-14.3048,1,83.57,20260702
20260309,启动前夕,2,603619,603619.SH,中曼石油,石油开采,主板,,,,41.58,20260310,38.12,-8.3213,-55.1227,1,18.66,20260702
20260309,启动前夕,3,600938,600938.SH,中国海油,石油开采,主板,观望,45.0,中,43.36,20260310,40.98,-5.4889,-38.3072,3,26.75,20260702
20260309,启动前夕,4,600410,600410.SH,华胜天成,软件服务,主板,观望,58.0,中,30.51,20260310,31.83,4.3265,-48.4759,7,15.72,20260702
20260309,启动前夕,5,300249,300249.SZ,依米康,IT设备,创业板,买入,68.0,中,18.63,20260310,18.99,1.9324,-21.6855,3,14.59,20260702
20260309,启动前夕,6,301638,301638.SZ,南网数字,软件服务,创业板,,,,31.77,20260310,32.6,2.6125,-26.5659,1,23.33,20260702
20260309,启动前夕,7,600470,600470.SH,六国化工,农药化肥,主板,,,,8.65,20260310,8.24,-4.7399,-26.0116,2,6.4,20260702
20260309,启动前夕,8,300317,300317.SZ,珈伟新能,电气设备,创业板,,,,5.9,20260310,5.68,-3.7288,-32.7119,1,3.97,20260702
20260309,启动前夕,9,300332,300332.SZ,天壕能源,供气供热,创业板,卖出,30.0,,6.51,20260310,6.26,-3.8402,-100.0,1,0.0,20260702
20260309,启动前夕,10,301658,301658.SZ,首航新能,电气设备,创业板,,,,41.0,20260310,38.28,-6.6341,-36.1463,1,26.18,20260702
20260309,启动前夕,11,603393,603393.SH,新天然气,供气供热,主板,,,,39.05,20260310,38.6,-1.1524,-42.6376,2,22.4,20260702
20260309,启动前夕,12,002546,002546.SZ,新联电子,电气设备,主板,,,,11.67,20260310,11.72,0.4284,-36.6752,2,7.39,20260702
20260309,启动前夕,13,300191,300191.SZ,潜能恒信,石油开采,创业板,,,,49.23,20260310,43.47,-11.7002,-44.0585,1,27.54,20260702
20260309,启动前夕,14,300773,300773.SZ,拉卡拉,软件服务,创业板,,,,29.48,20260310,29.13,-1.1872,-47.7273,1,15.41,20260702
20260309,启动前夕,15,301302,301302.SZ,华如科技,软件服务,创业板,,,,33.68,20260310,32.99,-2.0487,-19.8634,1,26.99,20260702
20260309,启动前夕,16,600644,600644.SH,乐山电力,水力发电,主板,,,,13.6,20260310,13.19,-3.0147,-39.6324,1,8.21,20260702
20260309,启动前夕,17,002470,002470.SZ,金正大,农药化肥,主板,,,,2.96,20260310,2.95,-0.3378,-30.0676,2,2.07,20260702
20260309,启动前夕,18,000983,000983.SZ,山西焦煤,煤炭开采,主板,,,,7.36,20260310,7.05,-4.212,-17.5272,1,6.07,20260702
20260309,启动前夕,19,000993,000993.SZ,闽东电力,水力发电,主板,,,,15.25,20260310,14.85,-2.623,-33.9672,1,10.07,20260702
20260309,启动前夕,20,300139,300139.SZ,晓程科技,黄金,创业板,,,,74.0,20260310,70.55,-4.6622,-47.2568,1,39.03,20260702
20260310,启动前夕,1,603167,603167.SH,渤海轮渡,水运,主板,持有,50.0,低,9.58,20260311,9.59,0.1044,-6.3674,9,8.97,20260702
20260310,启动前夕,2,603128,603128.SH,华贸物流,仓储物流,主板,观望,35.0,高,5.98,20260311,5.95,-0.5017,-13.0435,6,5.2,20260702
20260310,启动前夕,3,002966,002966.SZ,苏州银行,银行,主板,持有,50.0,低,8.16,20260311,8.2,0.4902,-12.3775,16,7.15,20260702
20260310,启动前夕,4,601065,601065.SH,江盐集团,化工原料,主板,,,,8.74,20260311,8.99,2.8604,-21.0526,1,6.9,20260702
20260310,启动前夕,5,600787,600787.SH,中储股份,仓储物流,主板,持有/观望,55.0,中,5.8,20260311,5.85,0.8621,-24.8276,6,4.36,20260702
20260310,启动前夕,6,601128,601128.SH,常熟银行,银行,主板,买入,70.0,中,7.19,20260311,7.23,0.5563,-17.3853,29,5.94,20260702
20260310,启动前夕,7,000725,000725.SZ,京东方Ａ,元器件,主板,买入,75.0,高,4.35,20260311,4.39,0.9195,109.1954,1,9.1,20260702
20260310,启动前夕,8,002567,002567.SZ,唐人神,饲料,主板,观望,45.0,中,4.4,20260311,4.43,0.6818,-19.0909,1,3.56,20260702
20260310,启动前夕,9,000900,000900.SZ,现代投资,路桥,主板,买入,74.0,中,4.28,20260311,4.34,1.4019,-15.4206,6,3.62,20260702
20260310,启动前夕,10,600582,600582.SH,天地科技,专用机械,主板,观望,46.0,中,6.07,20260311,6.15,1.318,-25.8649,8,4.5,20260702
20260310,启动前夕,11,301327,301327.SZ,华宝新能,电气设备,创业板,,,,59.83,20260311,63.89,6.7859,-21.4775,2,46.98,20260702
20260310,启动前夕,12,300826,300826.SZ,测绘股份,建筑工程,创业板,持有,50.0,低,17.18,20260311,17.17,-0.0582,-20.3143,5,13.69,20260702
20260310,启动前夕,13,601333,601333.SH,广深铁路,铁路,主板,持有,50.0,低,3.1,20260311,3.15,1.6129,-8.0645,10,2.85,20260702
20260310,启动前夕,14,002941,002941.SZ,新疆交建,建筑工程,主板,买入,78.0,高,16.6,20260311,16.6,0.0,-41.3855,2,9.73,20260702
20260310,启动前夕,15,600269,600269.SH,赣粤高速,路桥,主板,观望,58.0,中,4.95,20260311,4.99,0.8081,-15.7576,2,4.17,20260702
20260310,启动前夕,16,000507,000507.SZ,珠海港,新型电力,主板,持有,50.0,低,5.59,20260311,5.65,1.0733,-15.2057,3,4.74,20260702
20260310,启动前夕,17,002108,002108.SZ,沧州明珠,塑料,主板,观望,55.0,中,4.94,20260311,5.04,2.0243,-16.5992,1,4.12,20260702
20260310,启动前夕,18,600332,600332.SH,白云山,中成药,主板,观望,55.0,中,25.22,20260311,25.27,0.1983,-17.5654,7,20.79,20260702
20260310,启动前夕,19,603967,603967.SH,中创物流,仓储物流,主板,观望,52.0,中,13.03,20260311,13.22,1.4582,-15.1957,3,11.05,20260702
20260310,启动前夕,20,601860,601860.SH,紫金银行,银行,主板,持有,50.0,低,2.77,20260311,2.79,0.722,-10.4693,10,2.48,20260702
20260311,启动前夕,1,601860,601860.SH,紫金银行,银行,主板,持有,50.0,低,2.79,20260312,2.85,2.1505,-11.1111,10,2.48,20260702
20260311,启动前夕,2,002966,002966.SZ,苏州银行,银行,主板,持有,50.0,低,8.2,20260312,8.29,1.0976,-12.8049,16,7.15,20260702
20260311,启动前夕,3,000538,000538.SZ,云南白药,中成药,主板,持有,50.0,低,56.7,20260312,56.3,-0.7055,-14.0035,12,48.76,20260702
20260311,启动前夕,4,600332,600332.SH,白云山,中成药,主板,观望,55.0,中,25.27,20260312,25.38,0.4353,-17.7285,7,20.79,20260702
20260311,启动前夕,5,600787,600787.SH,中储股份,仓储物流,主板,持有/观望,55.0,中,5.85,20260312,5.92,1.1966,-25.4701,6,4.36,20260702
20260311,启动前夕,6,600941,600941.SH,中国移动,电信运营,主板,持有,65.0,中,96.59,20260312,96.44,-0.1553,-8.6344,11,88.25,20260702
20260311,启动前夕,7,300826,300826.SZ,测绘股份,建筑工程,创业板,持有,50.0,低,17.17,20260312,17.08,-0.5242,-20.2679,5,13.69,20260702
20260311,启动前夕,8,600019,600019.SH,宝钢股份,普钢,主板,持有,63.0,中,7.04,20260312,7.09,0.7102,-20.3125,4,5.61,20260702
20260311,启动前夕,9,002004,002004.SZ,华邦健康,农药化肥,主板,买入,82.0,高,5.46,20260312,5.61,2.7473,-23.9927,1,4.15,20260702
20260311,启动前夕,10,002807,002807.SZ,江阴银行,银行,主板,观望,58.0,中,4.59,20260312,4.68,1.9608,-16.5577,10,3.83,20260702
20260311,启动前夕,11,600064,600064.SH,南京高科,园区开发,主板,买入,68.0,中,8.75,20260312,8.81,0.6857,-16.9143,1,7.27,20260702
20260311,启动前夕,12,603310,603310.SH,巍华新材,化工原料,主板,观望,48.0,中,17.36,20260312,17.4,0.2304,-6.0484,4,16.31,20260702
20260311,启动前夕,13,000563,000563.SZ,陕国投Ａ,多元金融,主板,持有,55.0,中,3.57,20260312,3.62,1.4006,-20.4482,6,2.84,20260702
20260311,启动前夕,14,002958,002958.SZ,青农商行,银行,主板,观望,40.0,中,3.11,20260312,3.17,1.9293,-9.9678,12,2.8,20260702
20260311,启动前夕,15,300021,300021.SZ,大禹节水,建筑工程,创业板,观望,46.0,中,4.9,20260312,4.82,-1.6327,-18.7755,3,3.98,20260702
20260311,启动前夕,16,002936,002936.SZ,郑州银行,银行,主板,观望,50.0,低,1.91,20260312,1.93,1.0471,-11.5183,8,1.69,20260702
20260311,启动前夕,17,601665,601665.SH,齐鲁银行,银行,主板,持有,55.0,中,5.7,20260312,5.79,1.5789,3.6842,8,5.91,20260702
20260311,启动前夕,18,600820,600820.SH,隧道股份,建筑工程,主板,持有/回踩买入,65.0,中,6.55,20260312,6.67,1.8321,-19.084,4,5.3,20260702
20260311,启动前夕,19,000598,000598.SZ,兴蓉环境,水务,主板,观望,52.0,中,7.1,20260312,7.18,1.1268,-6.338,5,6.65,20260702
20260311,启动前夕,20,601128,601128.SH,常熟银行,银行,主板,买入,70.0,中,7.23,20260312,7.24,0.1383,-17.8423,29,5.94,20260702
20260312,启动前夕,1,000538,000538.SZ,云南白药,中成药,主板,持有,50.0,低,56.3,20260313,56.3,0.0,-13.3925,12,48.76,20260702
20260312,启动前夕,2,600332,600332.SH,白云山,中成药,主板,观望,55.0,中,25.38,20260313,25.46,0.3152,-18.0851,7,20.79,20260702
20260312,启动前夕,3,300573,300573.SZ,兴齐眼药,化学制药,创业板,持有,56.0,中,71.77,20260313,71.01,-1.0589,-41.3404,4,42.1,20260702
20260312,启动前夕,4,300826,300826.SZ,测绘股份,建筑工程,创业板,持有,50.0,低,17.08,20260313,16.92,-0.9368,-19.8478,5,13.69,20260702
20260312,启动前夕,5,603310,603310.SH,巍华新材,化工原料,主板,观望,48.0,中,17.4,20260313,17.33,-0.4023,-6.2644,4,16.31,20260702
20260312,启动前夕,6,002966,002966.SZ,苏州银行,银行,主板,持有,50.0,低,8.29,20260313,8.3,0.1206,-13.7515,16,7.15,20260702
20260312,启动前夕,7,600941,600941.SH,中国移动,电信运营,主板,持有,65.0,中,96.44,20260313,97.89,1.5035,-8.4923,11,88.25,20260702
20260312,启动前夕,8,002936,002936.SZ,郑州银行,银行,主板,观望,50.0,低,1.93,20260313,1.93,0.0,-12.4352,8,1.69,20260702
20260312,启动前夕,9,002958,002958.SZ,青农商行,银行,主板,观望,40.0,中,3.17,20260313,3.17,0.0,-11.6719,12,2.8,20260702
20260312,启动前夕,10,600787,600787.SH,中储股份,仓储物流,主板,持有/观望,55.0,中,5.92,20260313,5.9,-0.3378,-26.3514,6,4.36,20260702
20260312,启动前夕,11,000498,000498.SZ,山东路桥,建筑工程,主板,观望,35.0,中,6.19,20260313,6.28,1.454,-21.0016,2,4.89,20260702
20260312,启动前夕,12,002507,002507.SZ,涪陵榨菜,食品,主板,观望,38.0,高,13.05,20260313,13.02,-0.2299,-14.636,4,11.14,20260702
20260312,启动前夕,13,603128,603128.SH,华贸物流,仓储物流,主板,观望,35.0,高,5.97,20260313,5.94,-0.5025,-12.8978,6,5.2,20260702
20260312,启动前夕,14,603167,603167.SH,渤海轮渡,水运,主板,持有,50.0,低,9.66,20260313,9.54,-1.2422,-7.1429,9,8.97,20260702
20260312,启动前夕,15,002893,002893.SZ,京能热力,供气供热,主板,观望,42.0,高,11.67,20260313,11.51,-1.371,-18.6804,2,9.49,20260702
20260312,启动前夕,16,000735,000735.SZ,罗牛山,农业综合,主板,,,,7.73,20260313,7.62,-1.423,-34.282,1,5.08,20260702
20260312,启动前夕,17,002307,002307.SZ,北新路桥,建筑工程,主板,,,,5.17,20260313,5.2,0.5803,-42.1663,1,2.99,20260702
20260312,启动前夕,18,603300,603300.SH,海南华铁,多元金融,主板,,,,7.39,20260313,7.14,-3.3829,-37.6184,1,4.61,20260702
20260312,启动前夕,19,002035,002035.SZ,华帝股份,家用电器,主板,观望,52.0,中,6.17,20260313,6.27,1.6207,-25.1216,2,4.62,20260702
20260312,启动前夕,20,000153,000153.SZ,丰原药业,化学制药,主板,买入,62.0,中,6.67,20260313,6.67,0.0,-20.6897,4,5.29,20260702
20260313,启动前夕,1,601128,601128.SH,常熟银行,银行,主板,买入,70.0,中,7.2,20260316,7.19,-0.1389,-17.5,29,5.94,20260702
20260313,启动前夕,2,600941,600941.SH,中国移动,电信运营,主板,买入,85.0,高,97.89,20260316,97.7,-0.1941,-9.8478,11,88.25,20260702
20260313,启动前夕,3,600787,600787.SH,中储股份,仓储物流,主板,持有/观望,55.0,中,5.9,20260316,5.91,0.1695,-26.1017,6,4.36,20260702
20260313,启动前夕,4,300021,300021.SZ,大禹节水,建筑工程,创业板,观望,42.0,中,4.83,20260316,4.81,-0.4141,-17.5983,3,3.98,20260702
20260313,启动前夕,5,600351,600351.SH,亚宝药业,中成药,主板,观望,52.0,中,6.66,20260316,6.69,0.4505,-9.1592,4,6.05,20260702
20260313,启动前夕,6,000153,000153.SZ,丰原药业,化学制药,主板,买入,62.0,中,6.67,20260316,6.69,0.2999,-20.6897,4,5.29,20260702
20260313,启动前夕,7,002941,002941.SZ,新疆交建,建筑工程,主板,买入,78.0,高,16.6,20260316,16.11,-2.9518,-41.3855,2,9.73,20260702
20260313,启动前夕,8,600704,600704.SH,物产中大,仓储物流,主板,持有,50.0,低,5.62,20260316,5.5,-2.1352,-14.7687,5,4.79,20260702
20260313,启动前夕,9,600016,600016.SH,民生银行,银行,主板,买入,63.0,中,3.96,20260316,3.93,-0.7576,-17.4242,10,3.27,20260702
20260313,启动前夕,10,603967,603967.SH,中创物流,仓储物流,主板,观望,52.0,中,13.01,20260316,13.19,1.3836,-15.0653,3,11.05,20260702
20260313,启动前夕,11,601059,601059.SH,信达证券,证券,主板,持有,50.0,低,17.44,20260316,17.33,-0.6307,-5.4472,4,16.49,20260702
20260313,启动前夕,12,600558,600558.SH,大西洋,钢加工,主板,观望,65.0,中,6.3,20260316,6.12,-2.8571,-19.5238,3,5.07,20260702
20260313,启动前夕,13,600820,600820.SH,隧道股份,建筑工程,主板,买入,65.0,中,6.69,20260316,6.56,-1.9432,-20.7773,4,5.3,20260702
20260313,启动前夕,14,600467,600467.SH,好当家,渔业,主板,观望,58.0,中,2.66,20260316,2.77,4.1353,-23.3083,1,2.04,20260702
20260313,启动前夕,15,002074,002074.SZ,国轩高科,电气设备,主板,买入,72.0,高,38.73,20260316,38.84,0.284,-30.9837,1,26.73,20260702
20260313,启动前夕,16,000650,000650.SZ,仁和药业,中成药,主板,观望,41.0,中,5.92,20260316,5.93,0.1689,-11.4865,2,5.24,20260702
20260313,启动前夕,17,002349,002349.SZ,精华制药,中成药,主板,观望,58.0,中,7.67,20260316,7.69,0.2608,-16.0365,1,6.44,20260702
20260313,启动前夕,18,300527,300527.SZ,300527.SZ,专用机械,创业板,观望,35.0,高,8.37,20260316,8.39,0.2389,,1,,20260702
20260313,启动前夕,19,000089,000089.SZ,深圳机场,机场,主板,观望,58.0,中,7.17,20260316,7.14,-0.4184,-12.6918,1,6.26,20260702
20260313,启动前夕,20,300915,300915.SZ,海融科技,乳制品,创业板,买入,72.0,高,25.92,20260316,25.66,-1.0031,-23.071,1,19.94,20260702
20260316,启动前夕,1,601128,601128.SH,常熟银行,银行,主板,买入,70.0,中,7.19,20260317,7.26,0.9736,-17.3853,29,5.94,20260702
20260316,启动前夕,2,000538,000538.SZ,云南白药,中成药,主板,持有,50.0,低,56.79,20260317,57.09,0.5283,-14.1398,12,48.76,20260702
20260316,启动前夕,3,600332,600332.SH,白云山,中成药,主板,观望,55.0,中,25.56,20260317,25.6,0.1565,-18.662,7,20.79,20260702
20260316,启动前夕,4,000563,000563.SZ,陕国投Ａ,多元金融,主板,持有,55.0,中,3.57,20260317,3.59,0.5602,-20.4482,6,2.84,20260702
20260316,启动前夕,5,603213,603213.SH,镇洋发展,化工原料,主板,观望,50.0,中,13.68,20260317,13.59,-0.6579,3.2895,3,14.13,20260702
20260316,启动前夕,6,300826,300826.SZ,测绘股份,建筑工程,创业板,持有,50.0,低,17.07,20260317,16.89,-1.0545,-19.8008,5,13.69,20260702
20260316,启动前夕,7,600941,600941.SH,中国移动,电信运营,主板,持有,65.0,中,97.7,20260317,97.74,0.0409,-9.6725,11,88.25,20260702
20260316,启动前夕,8,002507,002507.SZ,涪陵榨菜,食品,主板,观望,38.0,高,13.08,20260317,13.27,1.4526,-14.8318,4,11.14,20260702
20260316,启动前夕,9,603167,603167.SH,渤海轮渡,水运,主板,观望,35.0,高,9.56,20260317,9.54,-0.2092,-6.1715,9,8.97,20260702
20260316,启动前夕,10,300039,300039.SZ,上海凯宝,中成药,创业板,观望,50.0,中,6.36,20260317,6.26,-1.5723,-29.717,1,4.47,20260702
20260316,启动前夕,11,603128,603128.SH,华贸物流,仓储物流,主板,观望,45.0,中,5.96,20260317,5.92,-0.6711,-12.7517,6,5.2,20260702
20260316,启动前夕,12,300013,300013.SZ,新宁物流,仓储物流,创业板,买入,62.0,中,4.17,20260317,4.05,-2.8777,-2.3981,1,4.07,20260702
20260316,启动前夕,13,000153,000153.SZ,丰原药业,化学制药,主板,买入,62.0,中,6.69,20260317,6.58,-1.6442,-20.9268,4,5.29,20260702
20260316,启动前夕,14,600787,600787.SH,中储股份,仓储物流,主板,持有/观望,55.0,中,5.91,20260317,5.84,-1.1844,-26.2267,6,4.36,20260702
20260316,启动前夕,15,600235,600235.SH,民丰特纸,造纸,主板,买入,62.0,中,7.1,20260317,6.95,-2.1127,-26.9014,1,5.19,20260702
20260316,启动前夕,16,600283,600283.SH,钱江水利,水务,主板,买入,72.0,中,9.56,20260317,9.43,-1.3598,-15.795,5,8.05,20260702
20260316,启动前夕,17,603018,603018.SH,华设集团,建筑工程,主板,持有/逢低买入,68.0,中,7.92,20260317,7.87,-0.6313,-34.596,1,5.18,20260702
20260316,启动前夕,18,002936,002936.SZ,郑州银行,银行,主板,观望,58.0,中,1.94,20260317,1.95,0.5155,-12.8866,8,1.69,20260702
20260316,启动前夕,19,301559,301559.SZ,中集环科,专用机械,创业板,观望,52.0,中,18.11,20260317,17.55,-3.0922,-30.5356,1,12.58,20260702
20260316,启动前夕,20,002746,002746.SZ,仙坛股份,农业综合,主板,买入,72.0,中,6.46,20260317,6.35,-1.7028,-16.5635,1,5.39,20260702
20260317,启动前夕,1,000563,000563.SZ,陕国投Ａ,多元金融,主板,持有,55.0,中,3.59,20260318,3.56,-0.8357,-20.8914,6,2.84,20260702
20260317,启动前夕,2,600332,600332.SH,白云山,中成药,主板,观望,55.0,中,25.6,20260318,25.42,-0.7031,-18.7891,7,20.79,20260702
20260317,启动前夕,3,000538,000538.SZ,云南白药,中成药,主板,持有,50.0,低,57.09,20260318,56.86,-0.4029,-14.591,12,48.76,20260702
20260317,启动前夕,4,600787,600787.SH,中储股份,仓储物流,主板,持有/观望,55.0,中,5.84,20260318,5.81,-0.5137,-25.3425,6,4.36,20260702
20260317,启动前夕,5,600351,600351.SH,亚宝药业,中成药,主板,观望,52.0,中,6.65,20260318,6.64,-0.1504,-9.0226,4,6.05,20260702
20260317,启动前夕,6,601128,601128.SH,常熟银行,银行,主板,买入,70.0,中,7.26,20260318,7.2,-0.8264,-18.1818,29,5.94,20260702
20260317,启动前夕,7,603167,603167.SH,渤海轮渡,水运,主板,持有,50.0,低,9.54,20260318,9.5,-0.4193,-5.9748,9,8.97,20260702
20260317,启动前夕,8,600016,600016.SH,民生银行,银行,主板,买入,63.0,中,3.92,20260318,3.91,-0.2551,-16.5816,10,3.27,20260702
20260317,启动前夕,9,002958,002958.SZ,青农商行,银行,主板,观望,40.0,中,3.17,20260318,3.15,-0.6309,-11.6719,12,2.8,20260702
20260317,启动前夕,10,600820,600820.SH,隧道股份,建筑工程,主板,持有/回踩买入,65.0,中,6.54,20260318,6.48,-0.9174,-18.9602,4,5.3,20260702
20260317,启动前夕,11,000404,000404.SZ,长虹华意,家用电器,主板,买入,68.0,中,7.18,20260318,7.26,1.1142,13.5097,1,8.15,20260702
20260317,启动前夕,12,600170,600170.SH,上海建工,建筑工程,主板,买入,79.0,高,2.94,20260318,2.91,-1.0204,-24.4898,2,2.22,20260702
20260317,启动前夕,13,600796,600796.SH,钱江生化,环境保护,主板,买入,65.0,中,6.99,20260318,6.9,-1.2876,-32.0458,1,4.75,20260702
20260317,启动前夕,14,603128,603128.SH,华贸物流,仓储物流,主板,观望,35.0,高,5.92,20260318,5.93,0.1689,-12.1622,6,5.2,20260702
20260317,启动前夕,15,600582,600582.SH,天地科技,专用机械,主板,买入,78.0,高,6.08,20260318,6.09,0.1645,-25.9868,8,4.5,20260702
20260317,启动前夕,16,600283,600283.SH,钱江水利,水务,主板,买入,75.0,高,9.43,20260318,9.46,0.3181,-14.6341,5,8.05,20260702
20260317,启动前夕,17,000651,000651.SZ,格力电器,家用电器,主板,观望,45.0,中,38.94,20260318,39.02,0.2054,-2.414,10,38.0,20260702
20260317,启动前夕,18,000498,000498.SZ,山东路桥,建筑工程,主板,观望,35.0,中,6.13,20260318,6.09,-0.6525,-20.2284,2,4.89,20260702
20260317,启动前夕,19,600941,600941.SH,中国移动,电信运营,主板,持有,65.0,中,97.74,20260318,97.78,0.0409,-9.7094,11,88.25,20260702
20260317,启动前夕,20,000598,000598.SZ,兴蓉环境,水务,主板,持有/逢低买入,65.0,中,7.07,20260318,7.04,-0.4243,-5.9406,5,6.65,20260702
20260318,启动前夕,1,000538,000538.SZ,云南白药,中成药,主板,持有,50.0,低,56.86,20260319,56.73,-0.2286,-14.2455,12,48.76,20260702
20260318,启动前夕,2,601128,601128.SH,常熟银行,银行,主板,买入,70.0,中,7.2,20260319,7.13,-0.9722,-17.5,29,5.94,20260702
20260318,启动前夕,3,000153,000153.SZ,丰原药业,化学制药,主板,买入,62.0,中,6.67,20260319,6.49,-2.6987,-20.6897,4,5.29,20260702
20260318,启动前夕,4,600351,600351.SH,亚宝药业,中成药,主板,观望,52.0,中,6.64,20260319,6.51,-1.9578,-8.8855,4,6.05,20260702
20260318,启动前夕,5,600582,600582.SH,天地科技,专用机械,主板,观望,46.0,中,6.09,20260319,6.07,-0.3284,-26.1084,8,4.5,20260702
20260318,启动前夕,6,603128,603128.SH,华贸物流,仓储物流,主板,观望,35.0,高,5.93,20260319,5.85,-1.3491,-12.3103,6,5.2,20260702
20260318,启动前夕,7,000900,000900.SZ,现代投资,路桥,主板,买入,74.0,中,4.3,20260319,4.25,-1.1628,-15.814,6,3.62,20260702
20260318,启动前夕,8,603202,603202.SH,天有为,汽车配件,主板,观望,58.0,中,93.6,20260319,92.83,-0.8226,-45.9402,10,50.6,20260702
20260318,启动前夕,9,300425,300425.SZ,中建环能,环境保护,创业板,买入,68.0,中,5.24,20260319,5.1,-2.6718,-26.5267,1,3.85,20260702
20260318,启动前夕,10,603167,603167.SH,渤海轮渡,水运,主板,持有,50.0,低,9.5,20260319,9.35,-1.5789,-5.5789,9,8.97,20260702
20260318,启动前夕,11,000651,000651.SZ,格力电器,家用电器,主板,观望,40.0,中,39.02,20260319,38.56,-1.1789,-2.614,10,38.0,20260702
20260318,启动前夕,12,600941,600941.SH,中国移动,电信运营,主板,持有,65.0,中,97.78,20260319,98.59,0.8284,-9.7464,11,88.25,20260702
20260318,启动前夕,13,600300,600300.SH,维维股份,软饮料,主板,买入,68.0,中,3.68,20260319,3.61,-1.9022,-22.0109,1,2.87,20260702
20260318,启动前夕,14,601059,601059.SH,信达证券,证券,主板,持有,50.0,低,17.4,20260319,17.3,-0.5747,-5.2299,4,16.49,20260702
20260318,启动前夕,15,000529,000529.SZ,广弘控股,食品,主板,观望,58.0,中,6.06,20260319,5.94,-1.9802,-25.4125,1,4.52,20260702
20260318,启动前夕,16,002893,002893.SZ,京能热力,供气供热,主板,观望,42.0,高,11.53,20260319,12.0,4.0763,-17.693,2,9.49,20260702
20260318,启动前夕,17,000702,000702.SZ,正虹科技,饲料,主板,观望,50.0,中,7.01,20260319,6.83,-2.5678,-25.6776,1,5.21,20260702
20260318,启动前夕,18,603797,603797.SH,联泰环保,环境保护,主板,观望,42.0,高,4.99,20260319,4.8,-3.8076,-22.2445,2,3.88,20260702
20260318,启动前夕,19,000829,000829.SZ,天音控股,其他商业,主板,观望,58.0,中,10.77,20260319,10.69,-0.7428,-29.8979,1,7.55,20260702
20260318,启动前夕,20,600820,600820.SH,隧道股份,建筑工程,主板,持有/回踩买入,65.0,中,6.48,20260319,6.36,-1.8519,-18.2099,4,5.3,20260702
20260319,启动前夕,1,601128,601128.SH,常熟银行,银行,主板,买入,70.0,中,7.13,20260320,7.08,-0.7013,-16.69,29,5.94,20260702
20260319,启动前夕,2,000538,000538.SZ,云南白药,中成药,主板,持有,50.0,低,56.73,20260320,56.74,0.0176,-14.049,12,48.76,20260702
20260319,启动前夕,3,600332,600332.SH,白云山,中成药,主板,观望,55.0,中,25.22,20260320,25.12,-0.3965,-17.5654,7,20.79,20260702
20260319,启动前夕,4,000563,000563.SZ,陕国投Ａ,多元金融,主板,持有,55.0,中,3.54,20260320,3.44,-2.8249,-19.774,6,2.84,20260702
20260319,启动前夕,5,002966,002966.SZ,苏州银行,银行,主板,持有,50.0,低,8.22,20260320,8.24,0.2433,-13.017,16,7.15,20260702
20260319,启动前夕,6,603202,603202.SH,天有为,汽车配件,主板,观望,55.0,中,92.83,20260320,93.73,0.9695,-45.4918,10,50.6,20260702
20260319,启动前夕,7,600283,600283.SH,钱江水利,水务,主板,买入,75.0,高,9.48,20260320,9.31,-1.7932,-15.0844,5,8.05,20260702
20260319,启动前夕,8,600582,600582.SH,天地科技,专用机械,主板,观望,46.0,中,6.07,20260320,6.01,-0.9885,-25.8649,8,4.5,20260702
20260319,启动前夕,9,002958,002958.SZ,青农商行,银行,主板,观望,40.0,中,3.13,20260320,3.11,-0.639,-10.5431,12,2.8,20260702
20260319,启动前夕,10,000651,000651.SZ,格力电器,家用电器,主板,观望,40.0,中,38.56,20260320,38.22,-0.8817,-1.4523,10,38.0,20260702
20260319,启动前夕,11,002807,002807.SZ,江阴银行,银行,主板,买入,74.0,高,4.6,20260320,4.55,-1.087,-16.7391,10,3.83,20260702
20260319,启动前夕,12,002507,002507.SZ,涪陵榨菜,食品,主板,观望,38.0,高,12.9,20260320,12.81,-0.6977,-13.6434,4,11.14,20260702
20260319,启动前夕,13,002035,002035.SZ,华帝股份,家用电器,主板,观望,52.0,中,6.17,20260320,6.08,-1.4587,-25.1216,2,4.62,20260702
20260319,启动前夕,14,002936,002936.SZ,郑州银行,银行,主板,观望,50.0,低,1.91,20260320,1.9,-0.5236,-11.5183,8,1.69,20260702
20260319,启动前夕,15,000900,000900.SZ,现代投资,路桥,主板,买入,74.0,中,4.25,20260320,4.21,-0.9412,-14.8235,6,3.62,20260702
20260319,启动前夕,16,603967,603967.SH,中创物流,仓储物流,主板,观望,52.0,中,12.95,20260320,12.72,-1.7761,-14.6718,3,11.05,20260702
20260319,启动前夕,17,002839,002839.SZ,张家港行,银行,主板,买入,79.0,高,4.58,20260320,4.55,-0.655,-12.2271,11,4.02,20260702
20260319,启动前夕,18,000915,000915.SZ,华特达因,化学制药,主板,买入,74.0,中,32.75,20260320,32.64,-0.3359,-22.8702,3,25.26,20260702
20260319,启动前夕,19,000088,000088.SZ,盐田港,港口,主板,买入,68.0,中,4.57,20260320,4.65,1.7505,-9.628,21,4.13,20260702
20260319,启动前夕,20,601997,601997.SH,贵阳银行,银行,主板,买入,72.0,中,5.82,20260320,5.78,-0.6873,-10.1375,13,5.23,20260702
20260320,启动前夕,1,000538,000538.SZ,云南白药,中成药,主板,持有,50.0,低,56.74,20260323,54.94,-3.1724,-14.0642,12,48.76,20260702
20260320,启动前夕,2,002966,002966.SZ,苏州银行,银行,主板,持有,50.0,低,8.24,20260323,7.92,-3.8835,-13.2282,16,7.15,20260702
20260320,启动前夕,3,601860,601860.SH,紫金银行,银行,主板,买入,77.0,高,2.8,20260323,2.64,-5.7143,-11.4286,10,2.48,20260702
20260320,启动前夕,4,603202,603202.SH,天有为,汽车配件,主板,观望,55.0,中,93.73,20260323,91.71,-2.1551,-46.0151,10,50.6,20260702
20260320,启动前夕,5,601128,601128.SH,常熟银行,银行,主板,买入,70.0,中,7.08,20260323,6.92,-2.2599,-16.1017,29,5.94,20260702
20260320,启动前夕,6,002958,002958.SZ,青农商行,银行,主板,观望,40.0,中,3.11,20260323,2.93,-5.7878,-9.9678,12,2.8,20260702
20260320,启动前夕,7,600332,600332.SH,白云山,中成药,主板,观望,55.0,中,25.12,20260323,23.11,-8.0016,-17.2373,7,20.79,20260702
20260320,启动前夕,8,000888,000888.SZ,峨眉山Ａ,旅游景点,主板,买入,65.0,中,13.52,20260323,12.18,-9.9112,-32.2485,1,9.16,20260702
20260320,启动前夕,9,600582,600582.SH,天地科技,专用机械,主板,观望,46.0,中,6.01,20260323,5.7,-5.1581,-25.1248,8,4.5,20260702
20260320,启动前夕,10,000651,000651.SZ,格力电器,家用电器,主板,观望,40.0,中,38.22,20260323,36.94,-3.349,-0.5756,10,38.0,20260702
20260320,启动前夕,11,002839,002839.SZ,张家港行,银行,主板,观望,44.0,低,4.55,20260323,4.28,-5.9341,-11.6484,11,4.02,20260702
20260320,启动前夕,12,601333,601333.SH,广深铁路,铁路,主板,持有,50.0,低,3.08,20260323,2.92,-5.1948,-7.4675,10,2.85,20260702
20260320,启动前夕,13,002807,002807.SZ,江阴银行,银行,主板,观望,58.0,中,4.55,20260323,4.33,-4.8352,-15.8242,10,3.83,20260702
20260320,启动前夕,14,601665,601665.SH,齐鲁银行,银行,主板,持有,55.0,中,5.75,20260323,5.5,-4.3478,2.7826,8,5.91,20260702
20260320,启动前夕,15,600941,600941.SH,中国移动,电信运营,主板,持有,65.0,中,96.25,20260323,93.27,-3.0961,-8.3117,11,88.25,20260702
20260320,启动前夕,16,000915,000915.SZ,华特达因,化学制药,主板,买入,74.0,中,32.64,20260323,30.92,-5.2696,-22.6103,3,25.26,20260702
20260320,启动前夕,17,601169,601169.SH,北京银行,银行,主板,买入,72.0,高,5.42,20260323,5.26,-2.952,-7.3801,12,5.02,20260702
20260320,启动前夕,18,002947,002947.SZ,恒铭达,元器件,主板,买入,72.0,中,48.25,20260323,48.25,0.0,44.1036,2,69.53,20260702
20260320,启动前夕,19,600925,600925.SH,苏能股份,煤炭开采,主板,观望,45.0,高,4.78,20260323,4.74,-0.8368,-13.1799,6,4.15,20260702
20260320,启动前夕,20,600757,600757.SH,长江传媒,出版业,主板,买入,78.0,高,9.0,20260323,8.46,-6.0,-16.4444,2,7.52,20260702
20260323,启动前夕,,603628,603628.SH,清源股份,电气设备,主板,买入,78.0,高,15.06,20260324,15.99,6.1753,-37.251,1,9.45,20260702
20260323,启动前夕,,603227,603227.SH,雪峰科技,化工原料,主板,观望,35.0,高,8.69,20260324,8.95,2.9919,-17.1461,2,7.2,20260702
20260323,启动前夕,,603202,603202.SH,天有为,汽车配件,主板,观望,55.0,中,91.71,20260324,94.88,3.4565,-44.8261,10,50.6,20260702
20260323,启动前夕,,601916,601916.SH,浙商银行,银行,主板,持有,55.0,,2.98,20260324,3.09,3.6913,-9.0604,13,2.71,20260702
20260323,启动前夕,,600925,600925.SH,苏能股份,煤炭开采,主板,持有,50.0,低,4.74,20260324,4.88,2.9536,-12.4473,6,4.15,20260702
20260323,启动前夕,,600919,600919.SH,江苏银行,银行,主板,持有,50.0,低,10.4,20260324,10.7,2.8846,8.1731,4,11.25,20260702
20260323,启动前夕,,600905,600905.SH,三峡能源,新型电力,主板,观望,52.0,中,4.3,20260324,4.44,3.2558,-12.5581,9,3.76,20260702
20260323,启动前夕,,600900,600900.SH,长江电力,水力发电,主板,观望,52.0,中,26.74,20260324,27.1,1.3463,0.7853,19,26.95,20260702
20260323,启动前夕,,600285,600285.SH,羚锐制药,中成药,主板,买入,74.0,高,21.75,20260324,21.79,0.1839,-5.1954,7,20.62,20260702
20260323,启动前夕,,600066,600066.SH,宇通客车,汽车整车,主板,买入/加仓,78.0,高,31.41,20260324,32.12,2.2604,-12.4164,1,27.51,20260702
20260323,启动前夕,,600027,600027.SH,华电国际,火力发电,主板,观望,52.0,中,5.12,20260324,5.27,2.9297,-10.9375,1,4.56,20260702
20260323,启动前夕,,600008,600008.SH,首创环保,水务,主板,观望,52.0,中,3.1,20260324,3.15,1.6129,-11.6129,16,2.74,20260702
20260323,启动前夕,,300022,300022.SZ,吉峰科技,农用机械,创业板,观望,42.0,中,8.34,20260324,8.86,6.235,1.199,1,8.44,20260702
20260323,启动前夕,,002947,002947.SZ,恒铭达,元器件,主板,买入,72.0,中,48.25,20260324,50.21,4.0622,44.1036,2,69.53,20260702
20260323,启动前夕,,002245,002245.SZ,蔚蓝锂芯,电气设备,主板,观望,42.0,中,17.28,20260324,17.58,1.7361,11.9792,3,19.35,20260702
20260323,启动前夕,,000999,000999.SZ,华润三九,中成药,主板,观望,40.0,高,28.77,20260324,28.59,-0.6257,-16.9274,2,23.9,20260702
20260323,启动前夕,,000937,000937.SZ,冀中能源,煤炭开采,主板,观望,45.0,中,5.78,20260324,5.85,1.2111,-27.8547,1,4.17,20260702
20260323,启动前夕,,000883,000883.SZ,湖北能源,水力发电,主板,,,,4.81,20260324,5.1,6.0291,-7.0686,1,4.47,20260702
20260323,启动前夕,,000429,000429.SZ,粤高速Ａ,路桥,主板,,,,12.18,20260324,12.64,3.7767,13.3826,1,13.81,20260702
20260323,启动前夕,,000027,000027.SZ,深圳能源,火力发电,主板,观望,45.0,中,7.0,20260324,7.31,4.4286,-11.4286,1,6.2,20260702
20260324,启动前夕,,605011,605011.SH,杭州热电,供气供热,主板,观望,35.0,高,20.99,20260325,21.5,2.4297,-21.3911,2,16.5,20260702
20260324,启动前夕,,603227,603227.SH,雪峰科技,化工原料,主板,观望,35.0,高,8.95,20260325,9.41,5.1397,-19.5531,2,7.2,20260702
20260324,启动前夕,,603222,603222.SH,济民健康,医疗保健,主板,,,,8.9,20260325,8.91,0.1124,-7.8652,1,8.2,20260702
20260324,启动前夕,,603202,603202.SH,天有为,汽车配件,主板,观望,55.0,中,94.88,20260325,94.71,-0.1792,-46.6695,10,50.6,20260702
20260324,启动前夕,,601916,601916.SH,浙商银行,银行,主板,持有,55.0,,3.09,20260325,3.1,0.3236,-12.2977,13,2.71,20260702
20260324,启动前夕,,601665,601665.SH,齐鲁银行,银行,主板,持有,55.0,中,5.66,20260325,5.76,1.7668,4.417,8,5.91,20260702
20260324,启动前夕,,601328,601328.SH,交通银行,银行,主板,持有,50.0,低,6.82,20260325,6.83,0.1466,-4.5455,9,6.51,20260702
20260324,启动前夕,,601326,601326.SH,秦港股份,港口,主板,观望,39.0,中,3.57,20260325,3.76,5.3221,-8.6835,2,3.26,20260702
20260324,启动前夕,,601128,601128.SH,常熟银行,银行,主板,观望,32.0,高,7.03,20260325,7.08,0.7112,-15.505,29,5.94,20260702
20260324,启动前夕,,601033,601033.SH,永兴股份,环境保护,主板,,,,16.04,20260325,16.55,3.1796,-13.9651,1,13.8,20260702
20260324,启动前夕,,600925,600925.SH,苏能股份,煤炭开采,主板,持有,50.0,低,4.88,20260325,4.98,2.0492,-14.959,6,4.15,20260702
20260324,启动前夕,,600900,600900.SH,长江电力,水力发电,主板,持有,50.0,低,27.1,20260325,27.21,0.4059,-0.5535,19,26.95,20260702
20260324,启动前夕,,600016,600016.SH,民生银行,银行,主板,买入,63.0,中,3.81,20260325,3.88,1.8373,-14.1732,10,3.27,20260702
20260324,启动前夕,,600008,600008.SH,首创环保,水务,主板,观望,51.0,中,3.15,20260325,3.25,3.1746,-13.0159,16,2.74,20260702
20260324,启动前夕,,002966,002966.SZ,苏州银行,银行,主板,持有,50.0,低,8.22,20260325,8.36,1.7032,-13.017,16,7.15,20260702
20260324,启动前夕,,002091,002091.SZ,江苏国泰,商贸代理,主板,,,,9.05,20260325,9.17,1.326,-18.3425,1,7.39,20260702
20260324,启动前夕,,001269,001269.SZ,欧晶科技,矿物制品,主板,卖出,20.0,高,24.67,20260325,24.56,-0.4459,-11.1471,1,21.92,20260702
20260324,启动前夕,,000999,000999.SZ,华润三九,中成药,主板,观望,45.0,高,28.59,20260325,28.48,-0.3847,-16.4043,2,23.9,20260702
20260324,启动前夕,,000507,000507.SZ,珠海港,新型电力,主板,持有,50.0,低,5.65,20260325,5.85,3.5398,-16.1062,3,4.74,20260702
20260324,启动前夕,,000088,000088.SZ,盐田港,港口,主板,持有,50.0,低,4.51,20260325,4.62,2.439,-8.4257,21,4.13,20260702
20260325,启动前夕,,605011,605011.SH,杭州热电,供气供热,主板,观望,35.0,高,21.5,20260326,21.81,1.4419,-23.2558,2,16.5,20260702
20260325,启动前夕,,603202,603202.SH,天有为,汽车配件,主板,观望,55.0,中,94.71,20260326,94.84,0.1373,-46.5738,10,50.6,20260702
20260325,启动前夕,,601916,601916.SH,浙商银行,银行,主板,持有,55.0,,3.1,20260326,3.1,0.0,-12.5806,13,2.71,20260702
20260325,启动前夕,,601818,601818.SH,光大银行,银行,主板,持有,62.0,中,3.3,20260326,3.3,0.0,-10.0,6,2.97,20260702
20260325,启动前夕,,601665,601665.SH,齐鲁银行,银行,主板,持有,55.0,中,5.76,20260326,5.81,0.8681,2.6042,8,5.91,20260702
20260325,启动前夕,,601328,601328.SH,交通银行,银行,主板,持有,50.0,低,6.83,20260326,6.86,0.4392,-4.6852,9,6.51,20260702
20260325,启动前夕,,601311,601311.SH,骆驼股份,电气设备,主板,,,,9.42,20260326,9.59,1.8047,-14.5435,3,8.05,20260702
20260325,启动前夕,,601169,601169.SH,北京银行,银行,主板,持有,50.0,低,5.48,20260326,5.47,-0.1825,-8.3942,12,5.02,20260702
20260325,启动前夕,,601128,601128.SH,常熟银行,银行,主板,买入,70.0,中,7.08,20260326,7.13,0.7062,-16.1017,29,5.94,20260702
20260325,启动前夕,,601009,601009.SH,南京银行,银行,主板,,,,11.17,20260326,11.25,0.7162,-7.4306,1,10.34,20260702
20260325,启动前夕,,600900,600900.SH,长江电力,水力发电,主板,持有,50.0,低,27.21,20260326,27.31,0.3675,-0.9555,19,26.95,20260702
20260325,启动前夕,,600582,600582.SH,天地科技,专用机械,主板,观望,46.0,中,5.98,20260326,5.93,-0.8361,-24.7492,8,4.5,20260702
20260325,启动前夕,,600285,600285.SH,羚锐制药,中成药,主板,买入,68.0,中,22.04,20260326,22.04,0.0,-6.4428,7,20.62,20260702
20260325,启动前夕,,600283,600283.SH,钱江水利,水务,主板,买入,75.0,高,9.41,20260326,9.34,-0.7439,-14.4527,5,8.05,20260702
20260325,启动前夕,,600168,600168.SH,武汉控股,水务,主板,,,,5.36,20260326,5.35,-0.1866,-22.7612,1,4.14,20260702
20260325,启动前夕,,600016,600016.SH,民生银行,银行,主板,买入,63.0,中,3.88,20260326,3.84,-1.0309,-15.7216,10,3.27,20260702
20260325,启动前夕,,002966,002966.SZ,苏州银行,银行,主板,持有,50.0,低,8.36,20260326,8.41,0.5981,-14.4737,16,7.15,20260702
20260325,启动前夕,,002245,002245.SZ,蔚蓝锂芯,电气设备,主板,观望,42.0,中,17.32,20260326,17.4,0.4619,11.7206,3,19.35,20260702
20260325,启动前夕,,000958,000958.SZ,电投产融,新型电力,主板,观望,68.0,中,6.63,20260326,6.43,-3.0166,-15.3846,1,5.61,20260702
20260325,启动前夕,,000088,000088.SZ,盐田港,港口,主板,持有,50.0,低,4.62,20260326,4.64,0.4329,-10.6061,21,4.13,20260702
20260326,启动前夕,1,601128,601128.SH,常熟银行,银行,主板,买入,70.0,中,7.13,20260327,7.1,-0.4208,-16.69,29,5.94,20260702
20260326,启动前夕,2,001227,001227.SZ,兰州银行,银行,主板,观望,45.0,低,2.29,20260327,2.27,-0.8734,-10.917,15,2.04,20260702
20260326,启动前夕,3,601169,601169.SH,北京银行,银行,主板,持有,50.0,低,5.47,20260327,5.44,-0.5484,-8.2267,12,5.02,20260702
20260326,启动前夕,4,002245,002245.SZ,蔚蓝锂芯,电气设备,主板,观望,42.0,中,17.4,20260327,17.79,2.2414,11.2069,3,19.35,20260702
20260326,启动前夕,5,603202,603202.SH,天有为,汽车配件,主板,观望,55.0,中,94.84,20260327,94.92,0.0844,-46.647,10,50.6,20260702
20260326,启动前夕,6,002797,002797.SZ,第一创业,证券,主板,观望,48.0,中,7.51,20260327,7.46,-0.6658,-10.6525,1,6.71,20260702
20260326,启动前夕,7,600908,600908.SH,无锡银行,银行,主板,持有,65.0,,5.91,20260327,5.83,-1.3536,-11.3367,3,5.24,20260702
20260326,启动前夕,8,600016,600016.SH,民生银行,银行,主板,买入,63.0,中,3.84,20260327,3.83,-0.2604,-14.8438,10,3.27,20260702
20260326,启动前夕,9,603323,603323.SH,苏农银行,银行,主板,买入,73.0,中,4.95,20260327,4.89,-1.2121,-19.1919,10,4.0,20260702
20260326,启动前夕,10,000651,000651.SZ,格力电器,家用电器,主板,观望,40.0,中,37.94,20260327,37.88,-0.1581,0.1581,10,38.0,20260702
20260326,启动前夕,11,601333,601333.SH,广深铁路,铁路,主板,持有,50.0,低,3.15,20260327,3.1,-1.5873,-9.5238,10,2.85,20260702
20260326,启动前夕,12,601665,601665.SH,齐鲁银行,银行,主板,持有,55.0,中,5.81,20260327,5.73,-1.3769,1.7212,8,5.91,20260702
20260326,启动前夕,13,601860,601860.SH,紫金银行,银行,主板,持有,50.0,低,2.82,20260327,2.76,-2.1277,-12.0567,10,2.48,20260702
20260326,启动前夕,14,603259,603259.SH,药明康德,化学制药,主板,观望,45.0,中,94.73,20260327,97.0,2.3963,28.0481,3,121.3,20260702
20260326,启动前夕,15,002224,002224.SZ,三力士,橡胶,主板,观望,42.0,中,4.78,20260327,4.78,0.0,-29.0795,4,3.39,20260702
20260326,启动前夕,16,000088,000088.SZ,盐田港,港口,主板,持有,50.0,低,4.64,20260327,4.58,-1.2931,-10.9914,21,4.13,20260702
20260326,启动前夕,17,000900,000900.SZ,现代投资,路桥,主板,买入,74.0,中,4.22,20260327,4.14,-1.8957,-14.218,6,3.62,20260702
20260326,启动前夕,18,601577,601577.SH,长沙银行,银行,主板,观望,52.0,中,9.66,20260327,9.51,-1.5528,-9.2133,7,8.77,20260702
20260326,启动前夕,19,000001,000001.SZ,平安银行,银行,主板,持有,65.0,,10.94,20260327,11.02,0.7313,-6.0329,3,10.28,20260702
20260326,启动前夕,20,600036,600036.SH,招商银行,银行,主板,持有,50.0,低,39.56,20260327,39.44,-0.3033,-7.4823,5,36.6,20260702
20260327,启动前夕,,603312,603312.SH,西典新能,电气设备,主板,,,,47.85,20260330,40.17,-16.0502,-28.6938,1,34.12,20260702
20260327,启动前夕,,603129,603129.SH,春风动力,摩托车,主板,,,,251.26,20260330,225.0,-10.4513,3.2795,1,259.5,20260702
20260327,启动前夕,,600941,600941.SH,中国移动,电信运营,主板,持有,65.0,中,95.4,20260330,93.4,-2.0964,-7.4948,11,88.25,20260702
20260327,启动前夕,,600900,600900.SH,长江电力,水力发电,主板,持有,50.0,低,27.15,20260330,27.14,-0.0368,-0.7366,19,26.95,20260702
20260327,启动前夕,,600039,600039.SH,四川路桥,建筑工程,主板,,,,10.01,20260330,10.1,0.8991,-17.2827,1,8.28,20260702
20260327,启动前夕,,600021,600021.SH,上海电力,火力发电,主板,,,,21.59,20260330,18.85,-12.6911,-31.8203,1,14.72,20260702
20260327,启动前夕,,301592,301592.SZ,六九一二,软件服务,创业板,观望,46.0,中,121.33,20260330,114.73,-5.4397,13.657,2,137.9,20260702
20260327,启动前夕,,301327,301327.SZ,华宝新能,电气设备,创业板,,,,59.83,20260330,74.82,25.0543,-21.4775,2,46.98,20260702
20260327,启动前夕,,301117,301117.SZ,佳缘科技,软件服务,创业板,,,,58.41,20260330,42.61,-27.0502,-60.88,1,22.85,20260702
20260327,启动前夕,,300779,300779.SZ,惠城环保,环境保护,创业板,,,,102.8,20260330,91.91,-10.5934,-51.9553,1,49.39,20260702
20260327,启动前夕,,300609,300609.SZ,汇纳科技,软件服务,创业板,,,,40.01,20260330,34.14,-14.6713,-22.6943,1,30.93,20260702
20260327,启动前夕,,300478,300478.SZ,杭州高新,塑料,创业板,,,,26.28,20260330,23.37,-11.0731,42.9224,1,37.56,20260702
20260327,启动前夕,,300475,300475.SZ,香农芯创,元器件,创业板,观望,55.0,高,161.85,20260330,137.1,-15.2919,61.903,1,262.04,20260702
20260327,启动前夕,,300427,300427.SZ,红相股份,电气设备,创业板,,,,15.69,20260330,12.21,-22.1797,-58.1262,1,6.57,20260702
20260327,启动前夕,,300121,300121.SZ,阳谷华泰,化工原料,创业板,,,,13.42,20260330,12.12,-9.687,7.377,1,14.41,20260702
20260327,启动前夕,,003009,003009.SZ,中天火箭,航空,主板,,,,69.35,20260330,57.55,-17.0151,-13.0497,1,60.3,20260702
20260327,启动前夕,,002714,002714.SZ,牧原股份,农业综合,主板,,,,48.33,20260330,43.23,-10.5525,-22.7188,1,37.35,20260702
20260327,启动前夕,,002213,002213.SZ,大为股份,半导体,主板,,,,28.2,20260330,31.0,9.9291,23.7589,1,34.9,20260702
20260327,启动前夕,,000807,000807.SZ,云铝股份,铝,主板,,,,32.76,20260330,31.46,-3.9683,-33.547,1,21.77,20260702
20260327,启动前夕,,000777,000777.SZ,中核科技,机械基件,主板,,,,25.98,20260330,22.66,-12.7791,-27.4827,1,18.84,20260702
20260330,启动前夕,1,601128,601128.SH,常熟银行,银行,主板,买入,70.0,中,7.12,20260331,7.14,0.2809,-16.573,29,5.94,20260702
20260330,启动前夕,2,600900,600900.SH,长江电力,水力发电,主板,观望,58.0,中,27.14,20260331,27.04,-0.3685,-0.7001,19,26.95,20260702
20260330,启动前夕,3,001227,001227.SZ,兰州银行,银行,主板,卖出/观望,25.0,高,2.28,20260331,2.27,-0.4386,-10.5263,15,2.04,20260702
20260330,启动前夕,4,603202,603202.SH,天有为,汽车配件,主板,买入,77.0,中,93.75,20260331,93.78,0.032,-46.0267,10,50.6,20260702
20260330,启动前夕,5,603259,603259.SH,药明康德,化学制药,主板,观望/轻仓试探,58.0,中,96.61,20260331,98.1,1.5423,25.5564,3,121.3,20260702
20260330,启动前夕,6,601860,601860.SH,紫金银行,银行,主板,持有,50.0,低,2.76,20260331,2.78,0.7246,-10.1449,10,2.48,20260702
20260330,启动前夕,7,600062,600062.SH,华润双鹤,化学制药,主板,买入/持有,75.0,中,18.65,20260331,18.57,-0.429,-10.1877,4,16.75,20260702
20260330,启动前夕,8,000088,000088.SZ,盐田港,港口,主板,持有,50.0,低,4.6,20260331,4.59,-0.2174,-10.2174,21,4.13,20260702
20260330,启动前夕,9,600925,600925.SH,苏能股份,煤炭开采,主板,持有,50.0,低,4.79,20260331,4.65,-2.9228,-13.3612,6,4.15,20260702
20260330,启动前夕,10,002807,002807.SZ,江阴银行,银行,主板,观望,58.0,中,4.54,20260331,4.54,0.0,-15.6388,10,3.83,20260702
20260330,启动前夕,11,601916,601916.SH,浙商银行,银行,主板,买入,79.0,中,3.09,20260331,3.0,-2.9126,-12.2977,13,2.71,20260702
20260330,启动前夕,12,002966,002966.SZ,苏州银行,银行,主板,持有,50.0,低,8.34,20260331,8.36,0.2398,-14.2686,16,7.15,20260702
20260330,启动前夕,13,600016,600016.SH,民生银行,银行,主板,买入,63.0,中,3.85,20260331,3.79,-1.5584,-15.0649,10,3.27,20260702
20260330,启动前夕,14,601577,601577.SH,长沙银行,银行,主板,观望,45.0,中,9.57,20260331,9.63,0.627,-8.3595,7,8.77,20260702
20260330,启动前夕,15,600876,600876.SH,凯盛新能,玻璃,主板,买入,74.0,中,10.62,20260331,9.91,-6.6855,-32.0151,1,7.22,20260702
20260330,启动前夕,16,600123,600123.SH,兰花科创,煤炭开采,主板,,,,6.95,20260331,6.56,-5.6115,-19.7122,1,5.58,20260702
20260330,启动前夕,17,002224,002224.SZ,三力士,橡胶,主板,观望,42.0,中,4.79,20260331,4.71,-1.6701,-29.2276,4,3.39,20260702
20260330,启动前夕,18,300994,300994.SZ,久祺股份,文教休闲,创业板,观望,52.0,中,15.76,20260331,16.52,4.8223,-31.1548,1,10.85,20260702
20260330,启动前夕,19,601328,601328.SH,交通银行,银行,主板,持有,50.0,低,6.97,20260331,7.0,0.4304,-6.5997,9,6.51,20260702
20260330,启动前夕,20,002327,002327.SZ,富安娜,纺织,主板,观望,45.0,中,6.93,20260331,6.93,0.0,-8.9466,4,6.31,20260702
20260331,启动前夕,1,601128,601128.SH,常熟银行,银行,主板,买入,70.0,中,7.14,20260401,7.12,-0.2801,-16.8067,29,5.94,20260702
20260331,启动前夕,2,600900,600900.SH,长江电力,水力发电,主板,持有,50.0,低,27.04,20260401,26.88,-0.5917,-0.3328,19,26.95,20260702
20260331,启动前夕,3,601860,601860.SH,紫金银行,银行,主板,持有,50.0,低,2.78,20260401,2.75,-1.0791,-10.7914,10,2.48,20260702
20260331,启动前夕,4,600062,600062.SH,华润双鹤,化学制药,主板,持有/轻仓介入,72.0,中,18.57,20260401,18.79,1.1847,-9.8008,4,16.75,20260702
20260331,启动前夕,5,600008,600008.SH,首创环保,水务,主板,持有,64.0,中,3.13,20260401,3.13,0.0,-12.4601,16,2.74,20260702
20260331,启动前夕,6,002807,002807.SZ,江阴银行,银行,主板,观望,58.0,中,4.54,20260401,4.54,0.0,-15.6388,10,3.83,20260702
20260331,启动前夕,7,000088,000088.SZ,盐田港,港口,主板,持有,50.0,低,4.59,20260401,4.59,0.0,-10.0218,21,4.13,20260702
20260331,启动前夕,8,603259,603259.SH,药明康德,化学制药,主板,观望/轻仓试探,58.0,中,98.1,20260401,103.81,5.8206,23.6493,3,121.3,20260702
20260331,启动前夕,9,601985,601985.SH,中国核电,新型电力,主板,观望,68.0,中,9.05,20260401,8.95,-1.105,-2.6519,8,8.81,20260702
20260331,启动前夕,10,000651,000651.SZ,格力电器,家用电器,主板,观望,40.0,中,37.82,20260401,38.02,0.5288,0.4759,10,38.0,20260702
20260331,启动前夕,11,001221,001221.SZ,悍高集团,家居用品,主板,,,,68.5,20260401,69.0,0.7299,-41.1971,2,40.28,20260702
20260331,启动前夕,12,601577,601577.SH,长沙银行,银行,主板,持有,72.0,,9.63,20260401,9.67,0.4154,-8.9304,7,8.77,20260702
20260331,启动前夕,13,600036,600036.SH,招商银行,银行,主板,持有,50.0,低,39.32,20260401,39.82,1.2716,-6.9176,5,36.6,20260702
20260331,启动前夕,14,000028,000028.SZ,国药一致,医药商业,主板,买入,72.0,中,26.14,20260401,26.42,1.0712,-24.4453,2,19.75,20260702
20260331,启动前夕,15,300234,300234.SZ,开尔新材,陶瓷,创业板,,,,6.19,20260401,6.15,-0.6462,87.399,1,11.6,20260702
20260331,启动前夕,16,000796,000796.SZ,凯撒旅业,旅游服务,主板,,,,5.31,20260401,5.37,1.1299,-26.9303,1,3.88,20260702
20260331,启动前夕,17,601311,601311.SH,骆驼股份,电气设备,主板,,,,9.45,20260401,9.61,1.6931,-14.8148,3,8.05,20260702
20260331,启动前夕,18,000752,000752.SZ,000752.SZ,啤酒,主板,,,,10.72,20260401,10.18,-5.0373,,1,,20260702
20260331,启动前夕,19,002224,002224.SZ,三力士,橡胶,主板,观望,42.0,中,4.71,20260401,4.66,-1.0616,-28.0255,4,3.39,20260702
20260331,启动前夕,20,600351,600351.SH,亚宝药业,中成药,主板,观望,52.0,中,6.67,20260401,6.77,1.4993,-9.2954,4,6.05,20260702
20260401,启动前夕,1,601128,601128.SH,常熟银行,银行,主板,买入,70.0,中,7.12,20260402,7.1,-0.2809,-16.573,29,5.94,20260702
20260401,启动前夕,2,600900,600900.SH,长江电力,水力发电,主板,持有,50.0,低,26.88,20260402,27.01,0.4836,0.2604,19,26.95,20260702
20260401,启动前夕,3,600062,600062.SH,华润双鹤,化学制药,主板,持有/轻仓介入,72.0,中,18.79,20260402,18.89,0.5322,-10.8568,4,16.75,20260702
20260401,启动前夕,4,601169,601169.SH,北京银行,银行,主板,持有,50.0,低,5.49,20260402,5.5,0.1821,-8.561,12,5.02,20260702
20260401,启动前夕,5,601985,601985.SH,中国核电,新型电力,主板,观望,68.0,中,8.95,20260402,9.01,0.6704,-1.5642,8,8.81,20260702
20260401,启动前夕,6,600519,600519.SH,贵州茅台,白酒,主板,买入,68.0,中,1459.44,20260402,1459.88,0.0301,-17.5711,2,1203.0,20260702
20260401,启动前夕,7,600008,600008.SH,首创环保,水务,主板,观望,51.0,中,3.13,20260402,3.1,-0.9585,-12.4601,16,2.74,20260702
20260401,启动前夕,8,001227,001227.SZ,兰州银行,银行,主板,观望,45.0,低,2.26,20260402,2.25,-0.4425,-9.7345,15,2.04,20260702
20260401,启动前夕,9,002807,002807.SZ,江阴银行,银行,主板,观望,58.0,中,4.54,20260402,4.54,0.0,-15.6388,10,3.83,20260702
20260401,启动前夕,10,002839,002839.SZ,张家港行,银行,主板,观望,44.0,低,4.52,20260402,4.54,0.4425,-11.0619,11,4.02,20260702
20260401,启动前夕,11,000088,000088.SZ,盐田港,港口,主板,持有,50.0,低,4.59,20260402,4.59,0.0,-10.0218,21,4.13,20260702
20260401,启动前夕,12,603202,603202.SH,天有为,汽车配件,主板,观望,55.0,中,94.19,20260402,93.7,-0.5202,-46.2788,10,50.6,20260702
20260401,启动前夕,13,002077,002077.SZ,大港股份,半导体,主板,观望,44.0,低,16.65,20260402,15.62,-6.1862,10.2703,1,18.36,20260702
20260401,启动前夕,14,000651,000651.SZ,格力电器,家用电器,主板,观望,40.0,中,38.02,20260402,37.85,-0.4471,-0.0526,10,38.0,20260702
20260401,启动前夕,15,601665,601665.SH,齐鲁银行,银行,主板,持有,55.0,中,5.8,20260402,5.83,0.5172,1.8966,8,5.91,20260702
20260401,启动前夕,16,001221,001221.SZ,悍高集团,家居用品,主板,,,,69.0,20260402,63.75,-7.6087,-41.6232,2,40.28,20260702
20260401,启动前夕,17,601311,601311.SH,骆驼股份,电气设备,主板,,,,9.61,20260402,9.38,-2.3933,-16.2331,3,8.05,20260702
20260401,启动前夕,18,603323,603323.SH,苏农银行,银行,主板,买入,73.0,中,4.91,20260402,4.9,-0.2037,-18.5336,10,4.0,20260702
20260401,启动前夕,19,002332,002332.SZ,仙琚制药,化学制药,主板,观望,52.0,中,9.22,20260402,9.17,-0.5423,-9.1106,3,8.38,20260702
20260401,启动前夕,20,000727,000727.SZ,冠捷科技,元器件,主板,观望,45.0,中,2.65,20260402,2.56,-3.3962,-3.0189,1,2.57,20260702
20260402,启动前夕,1,600900,600900.SH,长江电力,水力发电,主板,持有,50.0,低,27.01,20260403,26.7,-1.1477,-0.2221,19,26.95,20260702
20260402,启动前夕,2,601985,601985.SH,中国核电,新型电力,主板,观望,68.0,中,9.01,20260403,8.81,-2.2198,-2.2198,8,8.81,20260702
20260402,启动前夕,3,601169,601169.SH,北京银行,银行,主板,持有,50.0,低,5.5,20260403,5.44,-1.0909,-8.7273,12,5.02,20260702
20260402,启动前夕,4,000538,000538.SZ,云南白药,中成药,主板,持有,50.0,低,56.78,20260403,56.46,-0.5636,-14.1247,12,48.76,20260702
20260402,启动前夕,5,002807,002807.SZ,江阴银行,银行,主板,观望,58.0,中,4.54,20260403,4.5,-0.8811,-15.6388,10,3.83,20260702
20260402,启动前夕,6,002327,002327.SZ,富安娜,纺织,主板,买入,67.0,中,6.96,20260403,6.9,-0.8621,-9.3391,4,6.31,20260702
20260402,启动前夕,7,002332,002332.SZ,仙琚制药,化学制药,主板,观望,58.0,中,9.17,20260403,8.97,-2.181,-8.615,3,8.38,20260702
20260402,启动前夕,8,600887,600887.SH,伊利股份,乳制品,主板,观望,55.0,中,26.43,20260403,26.31,-0.454,-7.4915,1,24.45,20260702
20260402,启动前夕,9,000590,000590.SZ,古汉医药,中成药,主板,观望,52.0,中,11.97,20260403,11.47,-4.1771,-28.9891,1,8.5,20260702
20260402,启动前夕,10,600008,600008.SH,首创环保,水务,主板,观望,51.0,中,3.1,20260403,3.08,-0.6452,-11.6129,16,2.74,20260702
20260402,启动前夕,11,601577,601577.SH,长沙银行,银行,主板,持有,72.0,,9.64,20260403,9.54,-1.0373,-9.0249,7,8.77,20260702
20260402,启动前夕,12,601665,601665.SH,齐鲁银行,银行,主板,观望,52.0,中,5.83,20260403,5.76,-1.2007,1.3722,8,5.91,20260702
20260402,启动前夕,13,603402,603402.SH,陕西旅游,旅游景点,主板,观望,55.0,中,135.7,20260403,135.2,-0.3685,-55.2027,3,60.79,20260702
20260402,启动前夕,14,002233,002233.SZ,塔牌集团,水泥,主板,买入,68.0,中,9.36,20260403,9.12,-2.5641,-22.4359,2,7.26,20260702
20260402,启动前夕,15,601816,601816.SH,京沪高铁,铁路,主板,观望,59.0,,5.11,20260403,5.05,-1.1742,-10.3718,7,4.58,20260702
20260402,启动前夕,16,600033,600033.SH,福建高速,路桥,主板,买入,63.0,中,3.77,20260403,3.7,-1.8568,-10.6101,7,3.37,20260702
20260402,启动前夕,17,002508,002508.SZ,老板电器,家用电器,主板,观望,60.0,中,20.86,20260403,20.88,0.0959,-26.4142,2,15.35,20260702
20260402,启动前夕,18,600079,600079.SH,600079.SH,化学制药,主板,观望,52.0,中,18.95,20260403,18.7,-1.3193,,1,,20260702
20260402,启动前夕,19,600757,600757.SH,长江传媒,出版业,主板,买入,78.0,高,8.85,20260403,8.78,-0.791,-15.0282,2,7.52,20260702
20260402,启动前夕,20,002875,002875.SZ,安奈儿,服饰,主板,观望,64.0,中,19.05,20260403,18.26,-4.147,-22.0472,1,14.85,20260702
20260403,启动前夕,1,601128,601128.SH,常熟银行,银行,主板,观望,48.0,中,7.04,20260407,6.98,-0.8523,-15.625,29,5.94,20260702
20260403,启动前夕,2,000538,000538.SZ,云南白药,中成药,主板,观望,58.0,中,56.46,20260407,55.91,-0.9741,-13.638,12,48.76,20260702
20260403,启动前夕,3,002966,002966.SZ,苏州银行,银行,主板,持有,69.0,中,8.29,20260407,8.3,0.1206,-13.7515,16,7.15,20260702
20260403,启动前夕,4,601169,601169.SH,北京银行,银行,主板,观望,53.0,中,5.44,20260407,5.39,-0.9191,-7.7206,12,5.02,20260702
20260403,启动前夕,5,600062,600062.SH,华润双鹤,化学制药,主板,持有/轻仓介入,72.0,中,18.57,20260407,18.41,-0.8616,-9.8008,4,16.75,20260702
20260403,启动前夕,6,601665,601665.SH,齐鲁银行,银行,主板,持有,55.0,中,5.76,20260407,5.81,0.8681,2.6042,8,5.91,20260702
20260403,启动前夕,7,000088,000088.SZ,盐田港,港口,主板,观望,50.0,中,4.55,20260407,4.57,0.4396,-9.2308,21,4.13,20260702
20260403,启动前夕,8,600900,600900.SH,长江电力,水力发电,主板,观望,45.0,中,26.7,20260407,26.48,-0.824,0.9363,19,26.95,20260702
20260403,启动前夕,9,600461,600461.SH,洪城环境,水务,主板,观望,42.0,中,9.69,20260407,9.54,-1.548,-4.5408,1,9.25,20260702
20260403,启动前夕,10,603990,603990.SH,麦迪科技,软件服务,主板,观望,54.0,中,15.08,20260407,15.2,0.7958,41.5782,6,21.35,20260702
20260403,启动前夕,11,600036,600036.SH,招商银行,银行,主板,观望,66.0,中,39.4,20260407,38.99,-1.0406,-7.1066,5,36.6,20260702
20260403,启动前夕,12,002807,002807.SZ,江阴银行,银行,主板,观望,48.0,低,4.5,20260407,4.48,-0.4444,-14.8889,10,3.83,20260702
20260403,启动前夕,13,600511,600511.SH,国药股份,医药商业,主板,观望,42.0,高,29.19,20260407,29.11,-0.2741,-9.1812,4,26.51,20260702
20260403,启动前夕,14,000001,000001.SZ,平安银行,银行,主板,持有,65.0,,11.12,20260407,11.03,-0.8094,-7.554,3,10.28,20260702
20260403,启动前夕,15,603402,603402.SH,陕西旅游,旅游景点,主板,观望,55.0,中,135.2,20260407,129.9,-3.9201,-55.037,3,60.79,20260702
20260403,启动前夕,16,600008,600008.SH,首创环保,水务,主板,观望,37.0,中,3.08,20260407,3.07,-0.3247,-11.039,16,2.74,20260702
20260403,启动前夕,17,603237,603237.SH,五芳斋,食品,主板,观望,63.0,中,17.18,20260407,17.3,0.6985,-24.2142,1,13.02,20260702
20260403,启动前夕,18,601985,601985.SH,中国核电,新型电力,主板,观望,48.0,中,8.81,20260407,8.7,-1.2486,0.0,8,8.81,20260702
20260403,启动前夕,19,001331,001331.SZ,胜通能源,供气供热,主板,买入,82.0,高,55.35,20260407,55.94,1.0659,11.2918,1,61.6,20260702
20260403,启动前夕,20,601838,601838.SH,成都银行,银行,主板,观望,68.0,中,17.16,20260407,17.14,-0.1166,7.1096,1,18.38,20260702
20260407,启动前夕,1,002966,002966.SZ,苏州银行,银行,主板,持有,70.0,中,8.3,20260413,8.24,-0.7229,-13.8554,16,7.15,20260702
20260407,启动前夕,2,000538,000538.SZ,云南白药,中成药,主板,观望,58.0,中,55.91,20260413,54.73,-2.1105,-12.7884,12,48.76,20260702
20260407,启动前夕,3,603990,603990.SH,麦迪科技,软件服务,主板,观望,55.0,中,15.2,20260413,15.3,0.6579,40.4605,6,21.35,20260702
20260407,启动前夕,4,000088,000088.SZ,盐田港,港口,主板,观望,45.0,中,4.57,20260413,4.59,0.4376,-9.628,21,4.13,20260702
20260407,启动前夕,5,002864,002864.SZ,盘龙药业,中成药,主板,观望,58.0,中,33.65,20260413,32.0,-4.9034,-19.7623,1,27.0,20260702
20260407,启动前夕,6,002327,002327.SZ,富安娜,纺织,主板,观望,58.0,中,6.88,20260413,6.84,-0.5814,-8.2849,4,6.31,20260702
20260407,启动前夕,7,603202,603202.SH,天有为,汽车配件,主板,观望,55.0,中,94.43,20260413,101.88,7.8894,-46.4153,10,50.6,20260702
20260407,启动前夕,8,601997,601997.SH,贵阳银行,银行,主板,观望,53.0,中,5.71,20260413,5.72,0.1751,-8.4063,13,5.23,20260702
20260407,启动前夕,9,002332,002332.SZ,仙琚制药,化学制药,主板,观望,52.0,中,9.08,20260413,8.91,-1.8722,-7.7093,3,8.38,20260702
20260407,启动前夕,10,601333,601333.SH,广深铁路,铁路,主板,观望,72.0,中,3.08,20260413,3.06,-0.6494,-7.4675,10,2.85,20260702
20260407,启动前夕,11,002317,002317.SZ,众生药业,中成药,主板,观望,64.0,中,18.7,20260413,18.38,-1.7112,41.6578,1,26.49,20260702
20260407,启动前夕,12,600900,600900.SH,长江电力,水力发电,主板,观望,45.0,中,26.48,20260413,26.42,-0.2266,1.7749,19,26.95,20260702
20260407,启动前夕,13,000028,000028.SZ,国药一致,医药商业,主板,买入,72.0,中,26.64,20260413,25.51,-4.2417,-25.8634,2,19.75,20260702
20260407,启动前夕,14,600600,600600.SH,青岛啤酒,啤酒,主板,观望,66.0,中,63.01,20260413,62.26,-1.1903,-16.0292,1,52.91,20260702
20260407,启动前夕,15,603213,603213.SH,镇洋发展,化工原料,主板,观望,41.0,低,13.44,20260413,13.45,0.0744,5.1339,3,14.13,20260702
20260407,启动前夕,16,002066,002066.SZ,瑞泰科技,其他建材,主板,买入,80.0,高,20.0,20260413,21.96,9.8,4.6,1,20.92,20260702
20260407,启动前夕,17,002508,002508.SZ,老板电器,家用电器,主板,观望,60.0,中,20.52,20260413,20.03,-2.3879,-25.1949,2,15.35,20260702
20260407,启动前夕,18,002582,002582.SZ,好想你,食品,主板,观望,55.0,中,11.17,20260413,11.72,4.9239,-20.7699,1,8.85,20260702
20260407,启动前夕,19,600008,600008.SH,首创环保,水务,主板,观望,45.0,中,3.07,20260413,3.05,-0.6515,-10.7492,16,2.74,20260702
20260407,启动前夕,20,600572,600572.SH,康恩贝,中成药,主板,观望,55.0,中,4.41,20260413,4.35,-1.3605,-7.9365,2,4.06,20260702
20260413,启动前夕,1,601128,601128.SH,常熟银行,银行,主板,观望,45.0,中,7.01,20260414,7.08,0.9986,-15.2639,29,5.94,20260702
20260413,启动前夕,2,603990,603990.SH,麦迪科技,软件服务,主板,观望,61.0,中,15.3,20260414,15.16,-0.915,39.5425,6,21.35,20260702
20260413,启动前夕,3,002966,002966.SZ,苏州银行,银行,主板,观望,49.0,中,8.24,20260414,8.29,0.6068,-13.2282,16,7.15,20260702
20260413,启动前夕,4,601328,601328.SH,交通银行,银行,主板,观望,49.0,中,6.85,20260414,6.9,0.7299,-4.9635,9,6.51,20260702
20260413,启动前夕,5,002948,002948.SZ,青岛银行,银行,主板,观望,44.0,中,5.17,20260414,5.18,0.1934,1.9342,2,5.27,20260702
20260413,启动前夕,6,300718,300718.SZ,长盛轴承,机械基件,创业板,买入,70.0,中,72.32,20260414,72.77,0.6222,-11.0066,4,64.36,20260702
20260413,启动前夕,7,601169,601169.SH,北京银行,银行,主板,观望,46.0,中,5.39,20260414,5.43,0.7421,-6.8646,12,5.02,20260702
20260413,启动前夕,8,600519,600519.SH,贵州茅台,白酒,主板,买入,68.0,中,1443.31,20260414,1446.9,0.2487,-16.6499,2,1203.0,20260702
20260413,启动前夕,9,300692,300692.SZ,中赋科技,环境保护,创业板,买入,74.0,中,8.45,20260414,8.46,0.1183,2.0118,1,8.62,20260702
20260413,启动前夕,10,300136,300136.SZ,信维通信,元器件,创业板,观望,43.0,中,63.54,20260414,68.57,7.9163,58.9707,1,101.01,20260702
20260413,启动前夕,11,002717,002717.SZ,002717.SZ,环境保护,主板,观望,49.0,中,1.66,20260414,1.67,0.6024,,2,,20260702
20260413,启动前夕,12,301287,301287.SZ,康力源,文教休闲,创业板,买入,71.0,中,42.12,20260414,42.22,0.2374,-22.5309,2,32.63,20260702
20260413,启动前夕,13,301592,301592.SZ,六九一二,软件服务,创业板,观望,46.0,中,115.49,20260414,127.0,9.9662,19.4043,2,137.9,20260702
20260413,启动前夕,14,300807,300807.SZ,天迈科技,软件服务,创业板,买入,76.0,中,52.35,20260414,51.9,-0.8596,-24.5845,1,39.48,20260702
20260413,启动前夕,15,000088,000088.SZ,盐田港,港口,主板,买入,68.0,中,4.59,20260414,4.58,-0.2179,-10.0218,21,4.13,20260702
20260413,启动前夕,16,002233,002233.SZ,塔牌集团,水泥,主板,买入,68.0,中,9.41,20260414,9.3,-1.169,-22.848,2,7.26,20260702
20260413,启动前夕,17,300762,300762.SZ,上海瀚讯,通信设备,创业板,持有,64.0,中,36.15,20260414,38.41,6.2517,21.7151,1,44.0,20260702
20260413,启动前夕,18,601997,601997.SH,贵阳银行,银行,主板,观望,48.0,中,5.72,20260414,5.77,0.8741,-8.5664,13,5.23,20260702
20260413,启动前夕,19,002009,002009.SZ,天奇股份,工程机械,主板,买入,66.0,中,24.7,20260414,24.81,0.4453,-15.3846,5,20.9,20260702
20260413,启动前夕,20,300511,300511.SZ,雪榕生物,种植业,创业板,买入,67.0,中,7.08,20260414,7.17,1.2712,-21.4689,1,5.56,20260702
20260414,启动前夕,1,601128,601128.SH,常熟银行,银行,主板,观望,46.0,中,7.08,20260415,7.13,0.7062,-16.1017,29,5.94,20260702
20260414,启动前夕,2,002966,002966.SZ,苏州银行,银行,主板,观望,50.0,中,8.29,20260415,8.62,3.9807,-13.7515,16,7.15,20260702
20260414,启动前夕,3,603990,603990.SH,麦迪科技,软件服务,主板,买入,68.0,中,15.16,20260415,15.17,0.066,40.8311,6,21.35,20260702
20260414,启动前夕,4,002807,002807.SZ,江阴银行,银行,主板,观望,58.0,中,4.55,20260415,4.59,0.8791,-15.8242,10,3.83,20260702
20260414,启动前夕,5,601169,601169.SH,北京银行,银行,主板,观望,47.0,中,5.43,20260415,5.47,0.7366,-7.5506,12,5.02,20260702
20260414,启动前夕,6,001306,001306.SZ,夏厦精密,机械基件,主板,观望,46.0,中,67.11,20260415,66.12,-1.4752,-14.2602,4,57.54,20260702
20260414,启动前夕,7,002327,002327.SZ,富安娜,纺织,主板,买入,67.0,中,6.89,20260415,7.05,2.3222,-8.418,4,6.31,20260702
20260414,启动前夕,8,300573,300573.SZ,兴齐眼药,化学制药,创业板,买入,76.0,中,68.4,20260415,68.07,-0.4825,-38.4503,4,42.1,20260702
20260414,启动前夕,9,001227,001227.SZ,兰州银行,银行,主板,观望,43.0,中,2.24,20260415,2.24,0.0,-8.9286,15,2.04,20260702
20260414,启动前夕,10,001280,001280.SZ,中国铀业,小金属,主板,买入,71.0,中,81.26,20260415,80.4,-1.0583,-19.1484,5,65.7,20260702
20260414,启动前夕,11,002948,002948.SZ,青岛银行,银行,主板,观望,48.0,中,5.18,20260415,5.21,0.5792,1.7375,2,5.27,20260702
20260414,启动前夕,12,601997,601997.SH,贵阳银行,银行,主板,观望,49.0,中,5.77,20260415,5.8,0.5199,-9.3588,13,5.23,20260702
20260414,启动前夕,13,002009,002009.SZ,天奇股份,工程机械,主板,买入,68.0,中,24.81,20260415,24.09,-2.9021,-15.7598,5,20.9,20260702
20260414,启动前夕,14,001333,001333.SZ,光华股份,化工原料,主板,观望,57.0,中,25.0,20260415,24.85,-0.6,-21.56,3,19.61,20260702
20260414,启动前夕,15,002717,002717.SZ,002717.SZ,环境保护,主板,观望,53.0,中,1.67,20260415,1.65,-1.1976,,2,,20260702
20260414,启动前夕,16,000088,000088.SZ,盐田港,港口,主板,买入,68.0,中,4.58,20260415,4.6,0.4367,-9.8253,21,4.13,20260702
20260414,启动前夕,17,301287,301287.SZ,康力源,文教休闲,创业板,买入,68.0,中,42.22,20260415,42.44,0.5211,-22.7144,2,32.63,20260702
20260414,启动前夕,18,000538,000538.SZ,云南白药,中成药,主板,观望,43.0,中,55.05,20260415,55.72,1.2171,-11.426,12,48.76,20260702
20260414,启动前夕,19,002839,002839.SZ,张家港行,银行,主板,观望,38.0,高,4.47,20260415,4.51,0.8949,-10.0671,11,4.02,20260702
20260414,启动前夕,20,002946,002946.SZ,新乳业,乳制品,主板,买入,68.0,中,18.1,20260415,18.14,0.221,-20.0552,1,14.47,20260702
20260416,启动前夕,1,601128,601128.SH,常熟银行,银行,主板,持有,50.0,低,7.15,20260420,7.26,1.5385,-16.9231,29,5.94,20260702
20260416,启动前夕,2,603990,603990.SH,麦迪科技,软件服务,主板,持有,50.0,低,15.18,20260420,15.29,0.7246,40.6456,6,21.35,20260702
20260416,启动前夕,3,300718,300718.SZ,长盛轴承,机械基件,创业板,持有,50.0,低,71.92,20260420,71.45,-0.6535,-10.5117,4,64.36,20260702
20260416,启动前夕,4,001306,001306.SZ,夏厦精密,机械基件,主板,持有,50.0,低,67.16,20260420,68.6,2.1441,-14.324,4,57.54,20260702
20260416,启动前夕,5,002009,002009.SZ,天奇股份,工程机械,主板,持有,50.0,低,24.48,20260420,24.8,1.3072,-14.6242,5,20.9,20260702
20260416,启动前夕,6,300589,300589.SZ,江龙船艇,船舶,创业板,持有,50.0,低,16.19,20260420,16.84,4.0148,-26.2508,1,11.94,20260702
20260416,启动前夕,7,001227,001227.SZ,兰州银行,银行,主板,持有,50.0,低,2.24,20260420,2.23,-0.4464,-8.9286,15,2.04,20260702
20260416,启动前夕,8,603686,603686.SH,福龙马,环境保护,主板,持有,50.0,低,18.83,20260420,19.06,1.2215,-29.9522,2,13.19,20260702
20260416,启动前夕,9,600511,600511.SH,国药股份,医药商业,主板,持有,50.0,低,28.99,20260420,28.5,-1.6902,-8.5547,4,26.51,20260702
20260416,启动前夕,10,000538,000538.SZ,云南白药,中成药,主板,持有,50.0,低,55.52,20260420,55.0,-0.9366,-12.1758,12,48.76,20260702
20260416,启动前夕,11,300446,300446.SZ,航天智造,汽车配件,创业板,持有,50.0,低,20.55,20260420,20.96,1.9951,-14.9392,1,17.48,20260702
20260416,启动前夕,12,002839,002839.SZ,张家港行,银行,主板,持有,50.0,低,4.52,20260420,4.55,0.6637,-11.0619,11,4.02,20260702
20260416,启动前夕,13,002028,002028.SZ,思源电气,电气设备,主板,持有,50.0,低,215.88,20260420,217.82,0.8986,-27.997,2,155.44,20260702
20260416,启动前夕,14,002347,002347.SZ,泰尔股份,机械基件,主板,持有,50.0,低,8.26,20260420,8.39,1.5738,-28.8136,2,5.88,20260702
20260416,启动前夕,15,001396,001396.SZ,誉帆科技,建筑工程,主板,持有,50.0,低,46.08,20260420,47.93,4.0148,-21.7665,1,36.05,20260702
20260416,启动前夕,16,002163,002163.SZ,海南发展,装修装饰,主板,持有,50.0,低,12.95,20260420,13.19,1.8533,-32.4324,2,8.75,20260702
20260416,启动前夕,17,000088,000088.SZ,盐田港,港口,主板,持有,50.0,低,4.56,20260420,4.52,-0.8772,-9.4298,21,4.13,20260702
20260416,启动前夕,18,601997,601997.SH,贵阳银行,银行,主板,持有,50.0,低,5.79,20260420,5.79,0.0,-9.6718,13,5.23,20260702
20260416,启动前夕,19,300573,300573.SZ,兴齐眼药,化学制药,创业板,持有,50.0,低,67.81,20260420,67.18,-0.9291,-37.9148,4,42.1,20260702
20260416,启动前夕,20,001285,001285.SZ,瑞立科密,汽车配件,主板,持有,50.0,低,53.43,20260420,54.7,2.3769,-19.9513,2,42.77,20260702
20260420,启动前夕,1,001333,001333.SZ,光华股份,化工原料,主板,观望,53.0,中,24.98,20260421,24.86,-0.4804,-21.4972,3,19.61,20260702
20260420,启动前夕,2,300718,300718.SZ,长盛轴承,机械基件,创业板,买入,68.0,中,71.45,20260421,70.61,-1.1756,-9.923,4,64.36,20260702
20260420,启动前夕,3,001227,001227.SZ,兰州银行,银行,主板,持有,61.0,中,2.23,20260421,2.23,0.0,-8.5202,15,2.04,20260702
20260420,启动前夕,4,603402,603402.SH,陕西旅游,旅游景点,主板,买入,72.0,中,136.88,20260421,134.89,-1.4538,-55.5888,3,60.79,20260702
20260420,启动前夕,5,603990,603990.SH,麦迪科技,软件服务,主板,观望,54.0,中,15.29,20260421,15.12,-1.1118,39.6337,6,21.35,20260702
20260420,启动前夕,6,002009,002009.SZ,天奇股份,工程机械,主板,观望,53.0,中,24.8,20260421,25.1,1.2097,-15.7258,5,20.9,20260702
20260420,启动前夕,7,002347,002347.SZ,泰尔股份,机械基件,主板,买入,71.0,中,8.39,20260421,8.28,-1.3111,-29.9166,2,5.88,20260702
20260420,启动前夕,8,001306,001306.SZ,夏厦精密,机械基件,主板,买入,74.0,中,68.6,20260421,70.15,2.2595,-16.1224,4,57.54,20260702
20260420,启动前夕,9,002839,002839.SZ,张家港行,银行,主板,买入,71.0,中,4.55,20260421,4.63,1.7582,-11.6484,11,4.02,20260702
20260420,启动前夕,10,601169,601169.SH,北京银行,银行,主板,持有,66.0,中,5.44,20260421,5.46,0.3676,-7.7206,12,5.02,20260702
20260420,启动前夕,11,301575,301575.SZ,艾芬达,家居用品,创业板,买入,74.0,中,45.76,20260421,45.68,-0.1748,-39.0079,4,27.91,20260702
20260420,启动前夕,12,301665,301665.SZ,泰禾股份,农药化肥,创业板,观望,49.0,中,26.96,20260421,26.82,-0.5193,-19.1766,3,21.79,20260702
20260420,启动前夕,13,001280,001280.SZ,中国铀业,小金属,主板,买入,71.0,中,83.24,20260421,85.39,2.5829,-21.0716,5,65.7,20260702
20260420,启动前夕,14,601577,601577.SH,长沙银行,银行,主板,观望,58.0,中,9.53,20260421,9.66,1.3641,-7.9748,7,8.77,20260702
20260420,启动前夕,15,603376,603376.SH,大明电子,汽车配件,主板,买入,64.0,中,33.86,20260421,33.66,-0.5907,-26.0484,1,25.04,20260702
20260420,启动前夕,16,600900,600900.SH,长江电力,水力发电,主板,观望,58.0,中,26.84,20260421,27.13,1.0805,0.4098,19,26.95,20260702
20260420,启动前夕,17,002163,002163.SZ,海南发展,装修装饰,主板,观望,58.0,中,13.19,20260421,12.91,-2.1228,-33.6619,2,8.75,20260702
20260420,启动前夕,18,300753,300753.SZ,爱朋医疗,医疗保健,创业板,买入,73.0,中,28.37,20260421,27.83,-1.9034,-29.0095,1,20.14,20260702
20260420,启动前夕,19,603172,603172.SH,万丰股份,染料涂料,主板,观望,48.0,中,21.06,20260421,21.28,1.0446,-15.5745,2,17.78,20260702
20260420,启动前夕,20,300228,300228.SZ,富瑞特装,化工机械,创业板,买入,71.0,中,9.49,20260421,9.04,-4.7418,-20.4426,1,7.55,20260702
20260421,启动前夕,1,001333,001333.SZ,光华股份,化工原料,主板,观望,45.0,中,24.86,20260422,24.83,-0.1207,-21.1183,3,19.61,20260702
20260421,启动前夕,2,600941,600941.SH,中国移动,电信运营,主板,持有,65.0,中,96.66,20260422,95.82,-0.869,-8.7006,11,88.25,20260702
20260421,启动前夕,3,001227,001227.SZ,兰州银行,银行,主板,观望,50.0,中,2.23,20260422,2.24,0.4484,-8.5202,15,2.04,20260702
20260421,启动前夕,4,000088,000088.SZ,盐田港,港口,主板,观望,48.0,中,4.56,20260422,4.54,-0.4386,-9.4298,21,4.13,20260702
20260421,启动前夕,5,300718,300718.SZ,长盛轴承,机械基件,创业板,观望,45.0,中,70.61,20260422,70.71,0.1416,-8.8514,4,64.36,20260702
20260421,启动前夕,6,603310,603310.SH,巍华新材,化工原料,主板,观望,48.0,中,16.27,20260422,16.25,-0.1229,0.2459,4,16.31,20260702
20260421,启动前夕,7,300519,300519.SZ,新光药业,中成药,创业板,观望,56.0,中,15.75,20260422,15.82,0.4444,-20.6349,1,12.5,20260702
20260421,启动前夕,8,300374,300374.SZ,中铁装配,其他建材,创业板,观望,41.0,中,14.06,20260422,13.94,-0.8535,-27.4538,1,10.2,20260702
20260421,启动前夕,9,301488,301488.SZ,豪恩汽电,汽车配件,创业板,买入,74.0,中,135.75,20260422,135.01,-0.5451,-2.593,1,132.23,20260702
20260421,启动前夕,10,301131,301131.SZ,聚赛龙,塑料,创业板,买入,74.0,中,42.9,20260422,42.95,0.1166,-21.3753,2,33.73,20260702
20260421,启动前夕,11,300707,300707.SZ,威唐工业,汽车配件,创业板,买入,66.0,中,16.2,20260422,16.23,0.1852,-29.4444,1,11.43,20260702
20260421,启动前夕,12,300937,300937.SZ,药易购,医药商业,创业板,观望,56.0,中,29.83,20260422,28.13,-5.699,-33.1545,1,19.94,20260702
20260421,启动前夕,13,301696,301696.SZ,301696.SZ,板块与行业共振数据不足，无法确认是否处于强势赛道；从个股走势看，当前明显弱于短线均线系统，板块加成有限。,,观望,18.0,中,96.75,20260422,97.53,0.8062,,1,,20260702
20260421,启动前夕,14,603172,603172.SH,万丰股份,染料涂料,主板,观望,54.0,中,21.28,20260422,21.5,1.0338,-16.4474,2,17.78,20260702
20260421,启动前夕,15,001279,001279.SZ,强邦新材,广告包装,主板,买入,69.0,中,32.1,20260422,31.85,-0.7788,-15.6698,1,27.07,20260702
20260421,启动前夕,16,603072,603072.SH,天和磁材,矿物制品,主板,买入,71.0,中,37.19,20260422,36.99,-0.5378,8.0398,1,40.18,20260702
20260421,启动前夕,17,001379,001379.SZ,腾达科技,机械基件,主板,买入,74.0,中,21.88,20260422,21.75,-0.5941,-27.7422,1,15.81,20260702
20260421,启动前夕,18,002116,002116.SZ,中国海诚,建筑工程,主板,买入,72.0,中,10.43,20260422,10.41,-0.1918,-34.2282,2,6.86,20260702
20260421,启动前夕,19,300244,300244.SZ,迪安诊断,医疗保健,创业板,买入,68.0,中,19.26,20260422,19.68,2.1807,5.4517,1,20.31,20260702
20260421,启动前夕,20,002716,002716.SZ,湖南白银,小金属,主板,买入,72.0,中,12.34,20260422,12.67,2.6742,-33.5494,1,8.2,20260702
20260423,启动前夕,1,001280,001280.SZ,中国铀业,小金属,主板,买入,78.0,高,82.59,20260424,83.08,0.5933,-20.4504,5,65.7,20260702
20260423,启动前夕,2,600941,600941.SH,中国移动,电信运营,主板,持有,65.0,中,95.85,20260424,95.44,-0.4278,-7.9291,11,88.25,20260702
20260423,启动前夕,3,301575,301575.SZ,艾芬达,家居用品,创业板,持有,50.0,低,45.27,20260424,45.92,1.4358,-38.3477,4,27.91,20260702
20260423,启动前夕,4,603352,603352.SH,至信股份,汽车配件,主板,,,,37.75,20260424,37.34,-1.0861,-29.6159,1,26.57,20260702
20260423,启动前夕,5,001227,001227.SZ,兰州银行,银行,主板,观望,45.0,低,2.25,20260424,2.25,0.0,-9.3333,15,2.04,20260702
20260423,启动前夕,6,601169,601169.SH,北京银行,银行,主板,持有,50.0,低,5.48,20260424,5.46,-0.365,-8.3942,12,5.02,20260702
20260423,启动前夕,7,603310,603310.SH,巍华新材,化工原料,主板,观望,48.0,中,16.14,20260424,16.34,1.2392,1.0533,4,16.31,20260702
20260423,启动前夕,8,600900,600900.SH,长江电力,水力发电,主板,持有,50.0,低,26.95,20260424,26.81,-0.5195,0.0,19,26.95,20260702
20260423,启动前夕,9,001277,001277.SZ,速达股份,专用机械,主板,买入,68.0,中,35.24,20260424,35.09,-0.4257,-19.6935,1,28.3,20260702
20260423,启动前夕,10,603167,603167.SH,渤海轮渡,水运,主板,买入,76.0,中,9.4,20260424,9.35,-0.5319,-4.5745,9,8.97,20260702
20260423,启动前夕,11,600511,600511.SH,国药股份,医药商业,主板,观望,46.0,中,28.83,20260424,28.88,0.1734,-8.0472,4,26.51,20260702
20260423,启动前夕,12,002780,002780.SZ,三夫户外,服饰,主板,买入,74.0,中,15.09,20260424,15.32,1.5242,-16.3022,1,12.63,20260702
20260423,启动前夕,13,301501,301501.SZ,恒鑫生活,造纸,创业板,买入,71.0,中,37.93,20260424,37.22,-1.8719,-28.869,1,26.98,20260702
20260423,启动前夕,14,300573,300573.SZ,兴齐眼药,化学制药,创业板,持有,56.0,中,68.21,20260424,70.85,3.8704,-38.2788,4,42.1,20260702
20260423,启动前夕,15,300892,300892.SZ,品渥食品,乳制品,创业板,持有,55.0,中,27.69,20260424,27.48,-0.7584,-28.4579,1,19.81,20260702
20260423,启动前夕,16,002734,002734.SZ,利民股份,农药化肥,主板,观望,57.0,中,17.55,20260424,17.83,1.5954,-0.3989,1,17.48,20260702
20260423,启动前夕,17,603811,603811.SH,诚意药业,化学制药,主板,观望,42.0,中,11.91,20260424,12.09,1.5113,-36.6919,1,7.54,20260702
20260423,启动前夕,18,601112,601112.SH,振石股份,玻璃,主板,买入,74.0,中,20.19,20260424,19.98,-1.0401,-15.2055,2,17.12,20260702
20260423,启动前夕,19,603860,603860.SH,中公高科,建筑工程,主板,买入,68.0,中,31.45,20260424,31.56,0.3498,-21.4626,1,24.7,20260702
20260423,启动前夕,20,603014,603014.SH,威高血净,医疗保健,主板,观望,43.0,中,37.14,20260424,37.0,-0.377,-5.3581,2,35.15,20260702
20260424,启动前夕,1,001280,001280.SZ,中国铀业,小金属,主板,买入,72.0,中,83.08,20260508,85.28,2.6481,-20.9196,5,65.7,20260702
20260424,启动前夕,2,001306,001306.SZ,夏厦精密,机械基件,主板,观望,50.0,中,68.02,20260508,73.16,7.5566,-15.4072,4,57.54,20260702
20260424,启动前夕,3,603686,603686.SH,福龙马,环境保护,主板,买入,72.0,高,18.66,20260508,20.08,7.6099,-29.314,2,13.19,20260702
20260424,启动前夕,4,001227,001227.SZ,兰州银行,银行,主板,观望,50.0,中,2.25,20260508,2.23,-0.8889,-9.3333,15,2.04,20260702
20260424,启动前夕,5,301575,301575.SZ,艾芬达,家居用品,创业板,买入,78.0,中,45.92,20260508,47.91,4.3336,-39.2204,4,27.91,20260702
20260424,启动前夕,6,600511,600511.SH,国药股份,医药商业,主板,观望,42.0,高,28.88,20260508,28.43,-1.5582,-8.2064,4,26.51,20260702
20260424,启动前夕,7,301665,301665.SZ,泰禾股份,农药化肥,创业板,观望,52.0,中,27.01,20260508,27.52,1.8882,-19.3262,3,21.79,20260702
20260424,启动前夕,8,603207,603207.SH,小方制药,化学制药,主板,买入,68.0,中,27.47,20260508,26.64,-3.0215,-14.0517,1,23.61,20260702
20260424,启动前夕,9,002395,002395.SZ,双象股份,塑料,主板,买入,62.0,中,18.44,20260508,20.15,9.2733,-30.9653,1,12.73,20260702
20260424,启动前夕,10,600283,600283.SH,钱江水利,水务,主板,买入,75.0,高,9.27,20260508,9.22,-0.5394,-13.1607,5,8.05,20260702
20260424,启动前夕,11,603406,603406.SH,天富龙,化纤,主板,观望,50.0,中,34.15,20260508,34.76,1.7862,-22.0791,2,26.61,20260702
20260424,启动前夕,12,601112,601112.SH,振石股份,玻璃,主板,观望,50.0,中,19.98,20260508,21.3,6.6066,-14.3143,2,17.12,20260702
20260424,启动前夕,13,300404,300404.SZ,博济医药,医疗保健,创业板,观望,48.0,中,10.19,20260508,10.79,5.8881,-9.8135,1,9.19,20260702
20260424,启动前夕,14,001373,001373.SZ,翔腾新材,元器件,主板,观望,50.0,中,34.96,20260508,40.09,14.6739,-13.3867,1,30.28,20260702
20260424,启动前夕,15,603014,603014.SH,威高血净,医疗保健,主板,观望,43.0,中,37.0,20260508,36.59,-1.1081,-5.0,2,35.15,20260702
20260424,启动前夕,16,001209,001209.SZ,洪兴股份,服饰,主板,观望,50.0,中,20.77,20260508,22.14,6.5961,-21.04,1,16.4,20260702
20260424,启动前夕,17,000900,000900.SZ,现代投资,路桥,主板,观望,52.0,中,4.11,20260508,4.23,2.9197,-11.9221,6,3.62,20260702
20260424,启动前夕,18,301126,301126.SZ,达嘉维康,医药商业,创业板,观望,50.0,中,11.22,20260508,12.1,7.8431,-19.9643,1,8.98,20260702
20260424,启动前夕,19,301167,301167.SZ,建研设计,建筑工程,创业板,观望,50.0,中,16.65,20260508,17.99,8.048,-23.7237,1,12.7,20260702
20260424,启动前夕,20,002642,002642.SZ,荣联科技,软件服务,主板,观望,50.0,中,7.99,20260508,9.08,13.6421,-22.9036,1,6.16,20260702
20260427,启动前夕,1,600016,600016.SH,民生银行,银行,主板,观望,58.0,中,3.74,20260508,3.69,-1.3369,-12.5668,10,3.27,20260702
20260427,启动前夕,2,600368,600368.SH,五洲交通,路桥,主板,观望,45.0,高,3.86,20260508,4.11,6.4767,-10.6218,5,3.45,20260702
20260427,启动前夕,3,600704,600704.SH,物产中大,仓储物流,主板,观望,52.0,中,5.24,20260508,5.19,-0.9542,-8.5878,5,4.79,20260702
20260427,启动前夕,4,000900,000900.SZ,现代投资,路桥,主板,买入,74.0,中,4.1,20260508,4.23,3.1707,-11.7073,6,3.62,20260702
20260427,启动前夕,5,001227,001227.SZ,兰州银行,银行,主板,观望,52.0,中,2.24,20260508,2.23,-0.4464,-8.9286,15,2.04,20260702
20260427,启动前夕,6,002228,002228.SZ,合兴包装,广告包装,主板,观望,35.0,高,3.87,20260508,3.98,2.8424,-21.9638,3,3.02,20260702
20260427,启动前夕,7,600626,600626.SH,申达股份,汽车配件,主板,观望,35.0,高,3.91,20260508,4.03,3.0691,-16.1125,2,3.28,20260702
20260427,启动前夕,8,300194,300194.SZ,福安药业,化学制药,创业板,观望,38.0,高,4.16,20260508,4.13,-0.7212,-13.9423,2,3.58,20260702
20260427,启动前夕,9,601006,601006.SH,大秦铁路,铁路,主板,买入,78.0,高,5.26,20260508,5.32,1.1407,-12.1673,6,4.62,20260702
20260427,启动前夕,10,600365,600365.SH,600365.SH,互联网,主板,观望,35.0,高,3.1,20260508,3.04,-1.9355,,3,,20260702
20260427,启动前夕,11,300230,300230.SZ,永利股份,塑料,创业板,观望,45.0,中,4.77,20260508,5.14,7.7568,-11.1111,2,4.24,20260702
20260427,启动前夕,12,600386,600386.SH,北巴传媒,汽车服务,主板,观望,48.0,中,4.07,20260508,4.13,1.4742,-21.3759,3,3.2,20260702
20260427,启动前夕,13,601718,601718.SH,际华集团,服饰,主板,观望,42.0,中,2.94,20260508,2.51,-14.6259,-45.9184,1,1.59,20260702
20260427,启动前夕,14,003037,003037.SZ,三和管桩,水泥,主板,观望,45.0,中,7.17,20260508,7.19,0.2789,-22.3152,3,5.57,20260702
20260427,启动前夕,15,601968,601968.SH,宝钢包装,广告包装,主板,观望,58.0,中,5.21,20260508,5.17,-0.7678,-23.0326,1,4.01,20260702
20260427,启动前夕,16,002337,002337.SZ,赛象科技,化工机械,主板,观望,45.0,中,6.13,20260508,6.28,2.447,-25.938,1,4.54,20260702
20260427,启动前夕,17,000825,000825.SZ,太钢不锈,特种钢,主板,买入,78.0,中,4.5,20260508,4.36,-3.1111,-22.8889,1,3.47,20260702
20260427,启动前夕,18,601727,601727.SH,上海电气,电气设备,主板,观望,45.0,中,8.04,20260508,8.13,1.1194,-14.4279,2,6.88,20260702
20260427,启动前夕,19,300441,300441.SZ,鲍斯股份,机床制造,创业板,持有,50.0,低,7.2,20260508,7.16,-0.5556,-7.7778,2,6.64,20260702
20260427,启动前夕,20,000886,000886.SZ,海南高速,区域地产,主板,持有,50.0,低,5.65,20260508,5.48,-3.0088,-25.8407,1,4.19,20260702
20260428,启动前夕,1,601328,601328.SH,交通银行,银行,主板,持有,65.0,中,6.98,20260508,6.7,-4.0115,-6.7335,9,6.51,20260702
20260428,启动前夕,2,000166,000166.SZ,申万宏源,证券,主板,观望,45.0,中,4.68,20260508,4.74,1.2821,-3.4188,7,4.52,20260702
20260428,启动前夕,3,600582,600582.SH,天地科技,专用机械,主板,观望,45.0,中,5.74,20260508,5.67,-1.2195,-21.6028,8,4.5,20260702
20260428,启动前夕,4,002344,002344.SZ,海宁皮城,商品城,主板,观望,52.0,中,4.45,20260508,4.43,-0.4494,-19.1011,4,3.6,20260702
20260428,启动前夕,5,600019,600019.SH,宝钢股份,普钢,主板,买入,62.0,中,6.37,20260508,6.41,0.6279,-11.9309,4,5.61,20260702
20260428,启动前夕,6,601398,601398.SH,工商银行,银行,主板,买入,78.0,高,7.53,20260508,7.46,-0.9296,-6.3745,8,7.05,20260702
20260428,启动前夕,7,601333,601333.SH,广深铁路,铁路,主板,观望,42.0,中,3.04,20260508,3.17,4.2763,-6.25,10,2.85,20260702
20260428,启动前夕,8,600217,600217.SH,中再资环,环境保护,主板,观望,42.0,中,3.75,20260508,3.71,-1.0667,-22.6667,2,2.9,20260702
20260428,启动前夕,9,600050,600050.SH,中国联通,电信运营,主板,观望,45.0,中,4.53,20260508,4.52,-0.2208,-10.3753,4,4.06,20260702
20260428,启动前夕,10,001227,001227.SZ,兰州银行,银行,主板,观望,52.0,中,2.24,20260508,2.23,-0.4464,-8.9286,15,2.04,20260702
20260428,启动前夕,11,601988,601988.SH,中国银行,银行,主板,观望,52.0,中,5.81,20260508,5.68,-2.2375,-3.9587,2,5.58,20260702
20260428,启动前夕,12,000088,000088.SZ,盐田港,港口,主板,观望,35.0,高,4.51,20260508,4.59,1.7738,-8.4257,21,4.13,20260702
20260428,启动前夕,13,600386,600386.SH,北巴传媒,汽车服务,主板,观望,42.0,中,4.05,20260508,4.13,1.9753,-20.9877,3,3.2,20260702
20260428,启动前夕,14,600033,600033.SH,福建高速,路桥,主板,观望,42.0,高,3.65,20260508,3.66,0.274,-7.6712,7,3.37,20260702
20260428,启动前夕,15,002061,002061.SZ,浙江交科,建筑工程,主板,观望,35.0,高,3.85,20260508,3.91,1.5584,-11.6883,4,3.4,20260702
20260428,启动前夕,16,600015,600015.SH,华夏银行,银行,主板,观望,42.0,高,7.19,20260508,6.66,-7.3713,-8.0668,4,6.61,20260702
20260428,启动前夕,17,600928,600928.SH,西安银行,银行,主板,买入,74.0,中,3.69,20260508,3.63,-1.626,-7.8591,3,3.4,20260702
20260428,启动前夕,18,600004,600004.SH,白云机场,机场,主板,观望,45.0,中,8.94,20260508,8.59,-3.915,-17.1141,1,7.41,20260702
20260428,启动前夕,19,600909,600909.SH,华安证券,证券,主板,观望,53.0,中,5.67,20260508,5.67,0.0,110.7584,1,11.95,20260702
20260428,启动前夕,20,600718,600718.SH,东软集团,软件服务,主板,买入,75.0,高,9.07,20260508,9.3,2.5358,-20.0662,1,7.25,20260702
20260429,启动前夕,1,600016,600016.SH,民生银行,银行,主板,持有,50.0,低,3.74,20260508,3.69,-1.3369,-12.5668,10,3.27,20260702
20260429,启动前夕,2,000088,000088.SZ,盐田港,港口,主板,观望,35.0,高,4.53,20260508,4.59,1.3245,-8.83,21,4.13,20260702
20260429,启动前夕,3,600582,600582.SH,天地科技,专用机械,主板,买入,62.0,中,5.74,20260508,5.67,-1.2195,-21.6028,8,4.5,20260702
20260429,启动前夕,4,600050,600050.SH,中国联通,电信运营,主板,观望,45.0,中,4.54,20260508,4.52,-0.4405,-10.5727,4,4.06,20260702
20260429,启动前夕,5,600008,600008.SH,首创环保,水务,主板,观望,42.0,高,3.05,20260508,3.1,1.6393,-10.1639,16,2.74,20260702
20260429,启动前夕,6,000100,000100.SZ,TCL科技,元器件,主板,观望,53.0,中,4.32,20260508,4.22,-2.3148,37.037,9,5.92,20260702
20260429,启动前夕,7,603866,603866.SH,桃李面包,食品,主板,观望,52.0,中,5.05,20260508,4.97,-1.5842,-23.9604,3,3.84,20260702
20260429,启动前夕,8,002061,002061.SZ,浙江交科,建筑工程,主板,观望,42.0,中,3.89,20260508,3.91,0.5141,-12.5964,4,3.4,20260702
20260429,启动前夕,9,600035,600035.SH,楚天高速,路桥,主板,观望,45.0,高,3.82,20260508,3.89,1.8325,-10.733,10,3.41,20260702
20260429,启动前夕,10,601618,601618.SH,中国中冶,建筑工程,主板,观望,45.0,高,2.96,20260508,2.97,0.3378,-15.8784,3,2.49,20260702
20260429,启动前夕,11,600117,600117.SH,西宁特钢,特种钢,主板,观望,45.0,中,2.59,20260508,2.64,1.9305,-18.5328,1,2.11,20260702
20260429,启动前夕,12,600169,600169.SH,600169.SH,工程机械,主板,观望,35.0,高,2.4,20260508,2.38,-0.8333,,4,,20260702
20260429,启动前夕,13,000698,000698.SZ,000698.SZ,石油加工,主板,观望,58.0,中,3.88,20260508,3.86,-0.5155,,1,,20260702
20260429,启动前夕,14,600425,600425.SH,青松建化,水泥,主板,买入,78.0,高,4.1,20260508,4.08,-0.4878,-19.2683,4,3.31,20260702
20260429,启动前夕,15,601658,601658.SH,邮储银行,银行,主板,持有,50.0,低,5.15,20260508,5.03,-2.3301,-3.6893,6,4.96,20260702
20260429,启动前夕,16,000615,000615.SZ,000615.SZ,医疗保健,主板,持有,50.0,低,3.36,20260508,3.37,0.2976,,1,,20260702
20260429,启动前夕,17,601668,601668.SH,中国建筑,建筑工程,主板,持有,50.0,低,4.9,20260508,4.91,0.2041,-9.3878,4,4.44,20260702
20260429,启动前夕,18,600597,600597.SH,光明乳业,乳制品,主板,持有,50.0,低,7.46,20260508,7.4,-0.8043,-16.0858,2,6.26,20260702
20260429,启动前夕,19,600018,600018.SH,上港集团,港口,主板,持有,50.0,低,4.93,20260508,5.11,3.6511,-2.0284,4,4.83,20260702
20260429,启动前夕,20,002228,002228.SZ,合兴包装,广告包装,主板,持有,50.0,低,3.86,20260508,3.98,3.1088,-21.7617,3,3.02,20260702
20260430,启动前夕,1,601860,601860.SH,紫金银行,银行,主板,买入,65.0,中,2.69,20260508,2.67,-0.7435,-7.8067,10,2.48,20260702
20260430,启动前夕,2,600008,600008.SH,首创环保,水务,主板,观望,45.0,高,3.06,20260508,3.1,1.3072,-10.4575,16,2.74,20260702
20260430,启动前夕,3,600425,600425.SH,青松建化,水泥,主板,买入,82.0,高,4.1,20260508,4.08,-0.4878,-19.2683,4,3.31,20260702
20260430,启动前夕,4,601916,601916.SH,浙商银行,银行,主板,观望,42.0,高,2.97,20260508,3.01,1.3468,-8.7542,13,2.71,20260702
20260430,启动前夕,5,000088,000088.SZ,盐田港,港口,主板,观望,42.0,高,4.53,20260508,4.59,1.3245,-8.83,21,4.13,20260702
20260430,启动前夕,6,002061,002061.SZ,浙江交科,建筑工程,主板,观望,42.0,中,3.89,20260508,3.91,0.5141,-12.5964,4,3.4,20260702
20260430,启动前夕,7,600626,600626.SH,申达股份,汽车配件,主板,观望,58.0,中,3.92,20260508,4.03,2.8061,-16.3265,2,3.28,20260702
20260430,启动前夕,8,600365,600365.SH,600365.SH,互联网,主板,观望,42.0,中,3.09,20260508,3.04,-1.6181,,3,,20260702
20260430,启动前夕,9,003816,003816.SZ,中国广核,新型电力,主板,买入,78.0,高,4.58,20260508,4.68,2.1834,-15.9389,2,3.85,20260702
20260430,启动前夕,10,600918,600918.SH,中泰证券,证券,主板,观望,45.0,中,6.02,20260508,6.01,-0.1661,-9.6346,3,5.44,20260702
20260430,启动前夕,11,002224,002224.SZ,三力士,橡胶,主板,观望,42.0,中,4.37,20260508,4.32,-1.1442,-22.4256,4,3.39,20260702
20260430,启动前夕,12,002958,002958.SZ,青农商行,银行,主板,买入,78.0,高,3.04,20260508,3.03,-0.3289,-7.8947,12,2.8,20260702
20260430,启动前夕,13,603128,603128.SH,华贸物流,仓储物流,主板,观望,35.0,高,5.58,20260508,5.69,1.9713,-6.81,6,5.2,20260702
20260430,启动前夕,14,600169,600169.SH,600169.SH,工程机械,主板,观望,35.0,高,2.39,20260508,2.38,-0.4184,,4,,20260702
20260430,启动前夕,15,600217,600217.SH,中再资环,环境保护,主板,观望,52.0,中,3.78,20260508,3.71,-1.8519,-23.2804,2,2.9,20260702
20260430,启动前夕,16,601990,601990.SH,南京证券,证券,主板,观望,42.0,中,7.35,20260508,7.28,-0.9524,-8.7075,2,6.71,20260702
20260430,启动前夕,17,600170,600170.SH,上海建工,建筑工程,主板,观望,45.0,中,2.7,20260508,2.73,1.1111,-17.7778,2,2.22,20260702
20260430,启动前夕,18,002228,002228.SZ,合兴包装,广告包装,主板,观望,42.0,中,3.9,20260508,3.98,2.0513,-22.5641,3,3.02,20260702
20260430,启动前夕,19,002424,002424.SZ,002424.SZ,中成药,主板,观望,35.0,高,5.03,20260508,4.97,-1.1928,,1,,20260702
20260430,启动前夕,20,003037,003037.SZ,三和管桩,水泥,主板,买入,78.0,高,7.2,20260508,7.19,-0.1389,-22.6389,3,5.57,20260702
20260506,启动前夕,1,600905,600905.SH,三峡能源,新型电力,主板,观望,53.0,中,4.11,20260508,4.16,1.2165,-8.5158,9,3.76,20260702
20260506,启动前夕,2,000100,000100.SZ,TCL科技,元器件,主板,观望,48.0,中,4.29,20260508,4.22,-1.6317,37.9953,9,5.92,20260702
20260506,启动前夕,3,600575,600575.SH,淮河能源,火力发电,主板,观望,55.0,低,3.68,20260508,3.73,1.3587,-15.7609,1,3.1,20260702
20260506,启动前夕,4,600169,600169.SH,600169.SH,工程机械,主板,观望,35.0,高,2.4,20260508,2.38,-0.8333,,4,,20260702
20260506,启动前夕,5,000088,000088.SZ,盐田港,港口,主板,观望,35.0,高,4.53,20260508,4.59,1.3245,-8.83,21,4.13,20260702
20260506,启动前夕,6,601006,601006.SH,大秦铁路,铁路,主板,买入,72.0,高,5.27,20260508,5.32,0.9488,-12.334,6,4.62,20260702
20260506,启动前夕,7,300194,300194.SZ,福安药业,化学制药,创业板,观望,58.0,低,4.15,20260508,4.13,-0.4819,-13.7349,2,3.58,20260702
20260506,启动前夕,8,002344,002344.SZ,海宁皮城,商品城,主板,观望,55.0,低,4.45,20260508,4.43,-0.4494,-19.1011,4,3.6,20260702
20260506,启动前夕,9,600597,600597.SH,光明乳业,乳制品,主板,观望,45.0,中,7.46,20260508,7.4,-0.8043,-16.0858,2,6.26,20260702
20260506,启动前夕,10,600795,600795.SH,国电电力,火力发电,主板,观望,42.0,中,4.81,20260508,4.88,1.4553,-2.2869,9,4.7,20260702
20260506,启动前夕,11,003816,003816.SZ,中国广核,新型电力,主板,持有,50.0,低,4.59,20260508,4.68,1.9608,-16.122,2,3.85,20260702
20260506,启动前夕,12,603323,603323.SH,苏农银行,银行,主板,观望,54.0,低,4.93,20260508,4.92,-0.2028,-18.8641,10,4.0,20260702
20260506,启动前夕,13,603866,603866.SH,桃李面包,食品,主板,观望,42.0,低,5.0,20260508,4.97,-0.6,-23.2,3,3.84,20260702
20260506,启动前夕,14,000543,000543.SZ,皖能电力,火力发电,主板,持有,50.0,低,8.2,20260508,8.24,0.4878,-5.4878,1,7.75,20260702
20260506,启动前夕,15,601998,601998.SH,中信银行,银行,主板,持有,72.0,低,8.33,20260508,8.26,-0.8403,-16.4466,1,6.96,20260702
20260506,启动前夕,16,000008,000008.SZ,神州高铁,运输设备,主板,持有,50.0,低,2.7,20260508,2.81,4.0741,-11.8519,1,2.38,20260702
20260506,启动前夕,17,600335,600335.SH,国机汽车,汽车服务,主板,观望,45.0,中,6.05,20260508,6.04,-0.1653,-20.8264,3,4.79,20260702
20260506,启动前夕,18,300185,300185.SZ,通裕重工,工程机械,创业板,观望,45.0,低,3.23,20260508,3.3,2.1672,-12.0743,2,2.84,20260702
20260506,启动前夕,19,000068,000068.SZ,华控赛格,环境保护,主板,观望,52.0,中,3.27,20260508,3.29,0.6116,-8.8685,2,2.98,20260702
20260506,启动前夕,20,600019,600019.SH,宝钢股份,普钢,主板,持有,50.0,低,6.33,20260508,6.41,1.2638,-11.3744,4,5.61,20260702
20260507,启动前夕,1,600905,600905.SH,三峡能源,新型电力,主板,观望,52.0,中,4.13,20260508,4.16,0.7264,-8.9588,9,3.76,20260702
20260507,启动前夕,2,002958,002958.SZ,青农商行,银行,主板,买入,68.0,中,3.03,20260508,3.03,0.0,-7.5908,12,2.8,20260702
20260507,启动前夕,3,600795,600795.SH,国电电力,火力发电,主板,持有/逢低加仓,65.0,中,4.89,20260508,4.88,-0.2045,-3.8855,9,4.7,20260702
20260507,启动前夕,4,000100,000100.SZ,TCL科技,元器件,主板,观望,45.0,中,4.3,20260508,4.22,-1.8605,37.6744,9,5.92,20260702
20260507,启动前夕,5,000898,000898.SZ,鞍钢股份,普钢,主板,观望,52.0,中,2.31,20260508,2.31,0.0,-18.1818,2,1.89,20260702
20260507,启动前夕,6,000557,000557.SZ,西部创业,铁路,主板,观望,58.0,中,4.69,20260508,4.7,0.2132,-24.307,1,3.55,20260702
20260507,启动前夕,7,600368,600368.SH,五洲交通,路桥,主板,买入,72.0,高,3.89,20260508,4.11,5.6555,-11.3111,5,3.45,20260702
20260507,启动前夕,8,600425,600425.SH,青松建化,水泥,主板,买入,75.0,中,4.1,20260508,4.08,-0.4878,-19.2683,4,3.31,20260702
20260507,启动前夕,9,601668,601668.SH,中国建筑,建筑工程,主板,观望,58.0,中,4.91,20260508,4.91,0.0,-9.5723,4,4.44,20260702
20260507,启动前夕,10,000068,000068.SZ,华控赛格,环境保护,主板,观望,52.0,中,3.27,20260508,3.29,0.6116,-8.8685,2,2.98,20260702
20260507,启动前夕,11,601006,601006.SH,大秦铁路,铁路,主板,买入,68.0,高,5.27,20260508,5.32,0.9488,-12.334,6,4.62,20260702
20260507,启动前夕,12,002526,002526.SZ,山东矿机,工程机械,主板,观望,42.0,中,3.39,20260508,3.45,1.7699,-22.1239,1,2.64,20260702
20260507,启动前夕,13,603323,603323.SH,苏农银行,银行,主板,观望,51.0,中,4.92,20260508,4.92,0.0,-18.6992,10,4.0,20260702
20260507,启动前夕,14,600918,600918.SH,中泰证券,证券,主板,观望,58.0,中,6.03,20260508,6.01,-0.3317,-9.7844,3,5.44,20260702
20260507,启动前夕,15,601000,601000.SH,唐山港,港口,主板,观望,52.0,中,4.74,20260508,4.83,1.8987,-9.4937,2,4.29,20260702
20260507,启动前夕,16,600098,600098.SH,广州发展,火力发电,主板,买入,72.0,高,7.16,20260508,7.11,-0.6983,-16.0615,2,6.01,20260702
20260507,启动前夕,17,601228,601228.SH,广州港,港口,主板,观望,58.0,中,3.27,20260508,3.3,0.9174,-11.6208,2,2.89,20260702
20260507,启动前夕,18,600050,600050.SH,中国联通,电信运营,主板,观望,35.0,高,4.49,20260508,4.52,0.6682,-9.5768,4,4.06,20260702
20260507,启动前夕,19,600335,600335.SH,国机汽车,汽车服务,主板,观望,52.0,中,6.03,20260508,6.04,0.1658,-20.5638,3,4.79,20260702
20260507,启动前夕,20,000717,000717.SZ,中南股份,普钢,主板,买入,68.0,中,2.47,20260508,2.49,0.8097,-8.502,2,2.26,20260702
20260508,启动前夕,1,000898,000898.SZ,鞍钢股份,普钢,主板,观望,45.0,中,2.31,20260518,2.09,-9.5238,-18.1818,2,1.89,20260702
20260508,启动前夕,2,002958,002958.SZ,青农商行,银行,主板,买入,68.0,中,3.03,20260518,2.91,-3.9604,-7.5908,12,2.8,20260702
20260508,启动前夕,3,601006,601006.SH,大秦铁路,铁路,主板,买入,84.0,高,5.32,20260518,5.43,2.0677,-13.1579,6,4.62,20260702
20260508,启动前夕,4,002344,002344.SZ,海宁皮城,商品城,主板,观望,48.0,中,4.43,20260518,4.28,-3.386,-18.7359,4,3.6,20260702
20260508,启动前夕,5,600019,600019.SH,宝钢股份,普钢,主板,持有,63.0,中,6.41,20260518,6.09,-4.9922,-12.4805,4,5.61,20260702
20260508,启动前夕,6,600050,600050.SH,中国联通,电信运营,主板,观望,45.0,中,4.52,20260518,4.92,8.8496,-10.177,4,4.06,20260702
20260508,启动前夕,7,000166,000166.SZ,申万宏源,证券,主板,观望,52.0,中,4.74,20260518,4.47,-5.6962,-4.6414,7,4.52,20260702
20260508,启动前夕,8,600795,600795.SH,国电电力,火力发电,主板,观望,45.0,中,4.88,20260518,4.91,0.6148,-3.6885,9,4.7,20260702
20260508,启动前夕,9,601668,601668.SH,中国建筑,建筑工程,主板,观望,58.0,中,4.91,20260518,4.89,-0.4073,-9.5723,4,4.44,20260702
20260508,启动前夕,10,001213,001213.SZ,中铁特货,铁路,主板,观望,42.0,高,4.0,20260518,3.93,-1.75,-14.25,1,3.43,20260702
20260508,启动前夕,11,600369,600369.SH,西南证券,证券,主板,观望,52.0,中,4.22,20260518,4.04,-4.2654,-2.6066,2,4.11,20260702
20260508,启动前夕,12,600704,600704.SH,物产中大,仓储物流,主板,观望,42.0,中,5.19,20260518,4.94,-4.817,-7.7071,5,4.79,20260702
20260508,启动前夕,13,601398,601398.SH,工商银行,银行,主板,观望,52.0,中,7.46,20260518,7.19,-3.6193,-5.496,8,7.05,20260702
20260508,启动前夕,14,600017,600017.SH,日照港,港口,主板,观望,42.0,高,2.98,20260518,2.82,-5.3691,-13.4228,2,2.58,20260702
20260508,启动前夕,15,600033,600033.SH,福建高速,路桥,主板,观望,58.0,中,3.66,20260518,3.54,-3.2787,-7.9235,7,3.37,20260702
20260508,启动前夕,16,600738,600738.SH,丽尚国潮,百货,主板,持有/小仓位试探,62.0,中,4.79,20260518,4.48,-6.4718,-22.547,1,3.71,20260702
20260508,启动前夕,17,002561,002561.SZ,徐家汇,百货,主板,观望,52.0,中,8.1,20260518,7.54,-6.9136,-21.9753,1,6.32,20260702
20260508,启动前夕,18,300289,300289.SZ,利德曼,医疗保健,创业板,买入,72.0,中,6.75,20260518,6.49,-3.8519,-14.3704,1,5.78,20260702
20260508,启动前夕,19,600269,600269.SH,赣粤高速,路桥,主板,观望,58.0,中,4.47,20260518,4.34,-2.9083,-6.7114,2,4.17,20260702
20260508,启动前夕,20,603323,603323.SH,苏农银行,银行,主板,观望,52.0,中,4.92,20260518,4.76,-3.252,-18.6992,10,4.0,20260702
20260511,启动前夕,1,601818,601818.SH,光大银行,银行,主板,观望,42.0,中,3.15,20260518,3.09,-1.9048,-5.7143,6,2.97,20260702
20260511,启动前夕,2,600169,600169.SH,600169.SH,工程机械,主板,观望,35.0,高,2.39,20260518,2.33,-2.5105,,4,,20260702
20260511,启动前夕,3,603866,603866.SH,桃李面包,食品,主板,观望,52.0,中,5.01,20260518,4.87,-2.7944,-23.3533,3,3.84,20260702
20260511,启动前夕,4,600805,600805.SH,悦达投资,综合类,主板,观望,45.0,高,5.28,20260518,5.06,-4.1667,-21.0227,1,4.17,20260702
20260511,启动前夕,5,600033,600033.SH,福建高速,路桥,主板,观望,58.0,中,3.66,20260518,3.54,-3.2787,-7.9235,7,3.37,20260702
20260511,启动前夕,6,600853,600853.SH,龙建股份,建筑工程,主板,买入,77.0,中,4.01,20260518,3.85,-3.99,-22.4439,2,3.11,20260702
20260511,启动前夕,7,000717,000717.SZ,中南股份,普钢,主板,买入,68.0,中,2.47,20260518,2.35,-4.8583,-8.502,2,2.26,20260702
20260511,启动前夕,8,601990,601990.SH,南京证券,证券,主板,观望,58.0,中,7.36,20260518,7.08,-3.8043,-8.8315,2,6.71,20260702
20260511,启动前夕,9,000100,000100.SZ,TCL科技,元器件,主板,买入,63.0,中,4.34,20260518,4.22,-2.765,36.4055,9,5.92,20260702
20260511,启动前夕,10,600121,600121.SH,郑州煤电,煤炭开采,主板,买入,75.0,高,4.23,20260518,4.28,1.182,-14.1844,1,3.63,20260702
20260511,启动前夕,11,601398,601398.SH,工商银行,银行,主板,观望,52.0,中,7.47,20260518,7.19,-3.7483,-5.6225,8,7.05,20260702
20260511,启动前夕,12,601816,601816.SH,京沪高铁,铁路,主板,观望,42.0,高,4.88,20260518,4.99,2.2541,-6.1475,7,4.58,20260702
20260511,启动前夕,13,600073,600073.SH,光明肉业,食品,主板,观望,58.0,中,5.88,20260518,5.52,-6.1224,-16.3265,1,4.92,20260702
20260511,启动前夕,14,600794,600794.SH,保税科技,仓储物流,主板,观望,58.0,中,3.61,20260518,3.44,-4.7091,-17.4515,1,2.98,20260702
20260511,启动前夕,15,601228,601228.SH,广州港,港口,主板,观望,58.0,中,3.27,20260518,3.13,-4.2813,-11.6208,2,2.89,20260702
20260511,启动前夕,16,600386,600386.SH,北巴传媒,汽车服务,主板,持有/加仓,74.0,中,4.1,20260518,4.23,3.1707,-21.9512,3,3.2,20260702
20260511,启动前夕,17,600512,600512.SH,腾达建设,建筑工程,主板,观望,42.0,高,2.45,20260518,2.28,-6.9388,-20.8163,1,1.94,20260702
20260511,启动前夕,18,600635,600635.SH,大众公用,供气供热,主板,观望,42.0,中,5.39,20260518,5.25,-2.5974,-18.3673,2,4.4,20260702
20260511,启动前夕,19,600305,600305.SH,恒顺醋业,食品,主板,买入,78.0,中,7.5,20260518,7.25,-3.3333,-13.2,4,6.51,20260702
20260511,启动前夕,20,600918,600918.SH,中泰证券,证券,主板,买入,62.0,中,6.06,20260518,5.81,-4.1254,-10.231,3,5.44,20260702
20260512,启动前夕,1,001285,001285.SZ,瑞立科密,汽车配件,主板,持有,50.0,低,53.37,20260518,52.14,-2.3047,-19.8613,2,42.77,20260702
20260512,启动前夕,2,600900,600900.SH,长江电力,水力发电,主板,买入,82.0,高,27.04,20260518,26.89,-0.5547,-0.3328,19,26.95,20260702
20260512,启动前夕,3,603406,603406.SH,天富龙,化纤,主板,观望,58.0,中,34.87,20260518,33.0,-5.3628,-23.688,2,26.61,20260702
20260512,启动前夕,4,001280,001280.SZ,中国铀业,小金属,主板,买入,78.0,高,85.12,20260518,77.81,-8.5879,-22.8148,5,65.7,20260702
20260512,启动前夕,5,301337,301337.SZ,亚华电子,软件服务,创业板,买入,78.0,中,28.16,20260518,28.23,0.2486,0.1776,2,28.21,20260702
20260512,启动前夕,6,600141,600141.SH,兴发集团,农药化肥,主板,观望,45.0,中,33.73,20260518,32.2,-4.536,25.2594,1,42.25,20260702
20260512,启动前夕,7,301533,301533.SZ,威马农机,农用机械,创业板,买入,72.0,中,32.77,20260518,31.89,-2.6854,-24.4736,1,24.75,20260702
20260512,启动前夕,8,301175,301175.SZ,中科环保,环境保护,创业板,观望,52.0,中,6.24,20260518,6.02,-3.5256,-19.391,1,5.03,20260702
20260512,启动前夕,9,301459,301459.SZ,丰茂股份,汽车配件,创业板,观望,55.0,中,38.26,20260518,37.7,-1.4637,-9.0695,1,34.79,20260702
20260512,启动前夕,10,003017,003017.SZ,大洋生物,化工原料,主板,买入,78.0,中,31.88,20260518,31.88,0.0,-24.5609,1,24.05,20260702
20260512,启动前夕,11,601616,601616.SH,广电电气,电气设备,主板,观望,58.0,中,4.74,20260518,4.68,-1.2658,-27.4262,1,3.44,20260702
20260512,启动前夕,12,000088,000088.SZ,盐田港,港口,主板,持有,62.0,中,4.59,20260518,4.52,-1.5251,-10.0218,21,4.13,20260702
20260512,启动前夕,13,003011,003011.SZ,海象新材,家居用品,主板,观望,52.0,中,23.64,20260518,23.29,-1.4805,-19.6277,1,19.0,20260702
20260512,启动前夕,14,603262,603262.SH,技源集团,食品,主板,买入,74.0,中,25.97,20260518,26.56,2.2719,-5.6989,1,24.49,20260702
20260512,启动前夕,15,603273,603273.SH,天元智能,专用机械,主板,买入,68.0,中,17.97,20260518,17.34,-3.5058,-19.4769,1,14.47,20260702
20260512,启动前夕,16,002097,002097.SZ,山河智能,工程机械,主板,观望,58.0,中,10.08,20260518,9.51,-5.6548,-27.1825,1,7.34,20260702
20260512,启动前夕,17,300771,300771.SZ,智莱科技,IT设备,创业板,买入,78.0,高,14.22,20260518,13.65,-4.0084,-23.91,1,10.82,20260702
20260512,启动前夕,18,301131,301131.SZ,聚赛龙,塑料,创业板,买入,72.0,中,42.78,20260518,43.15,0.8649,-21.1547,2,33.73,20260702
20260512,启动前夕,19,601128,601128.SH,常熟银行,银行,主板,观望,54.0,中,7.25,20260518,7.19,-0.8276,-18.069,29,5.94,20260702
20260512,启动前夕,20,001239,001239.SZ,永达股份,工程机械,主板,观望,48.0,中,15.18,20260518,14.93,-1.6469,-13.4387,1,13.14,20260702
20260513,启动前夕,1,601916,601916.SH,浙商银行,银行,主板,持有,55.0,,3.0,20260518,2.99,-0.3333,-9.6667,13,2.71,20260702
20260513,启动前夕,2,601618,601618.SH,中国中冶,建筑工程,主板,观望,42.0,高,2.96,20260518,2.85,-3.7162,-15.8784,3,2.49,20260702
20260513,启动前夕,3,600033,600033.SH,福建高速,路桥,主板,买入,63.0,中,3.65,20260518,3.54,-3.0137,-7.6712,7,3.37,20260702
20260513,启动前夕,4,000166,000166.SZ,申万宏源,证券,主板,买入,72.0,中,4.75,20260518,4.47,-5.8947,-4.8421,7,4.52,20260702
20260513,启动前夕,5,600035,600035.SH,楚天高速,路桥,主板,持有,50.0,低,3.86,20260518,3.84,-0.5181,-11.658,10,3.41,20260702
20260513,启动前夕,6,600255,600255.SH,鑫科材料,小金属,主板,持有,50.0,低,3.68,20260518,3.57,-2.9891,-8.1522,2,3.38,20260702
20260513,启动前夕,7,600425,600425.SH,青松建化,水泥,主板,买入,75.0,中,4.09,20260518,3.91,-4.401,-19.0709,4,3.31,20260702
20260513,启动前夕,8,600635,600635.SH,大众公用,供气供热,主板,观望,42.0,中,5.41,20260518,5.25,-2.9575,-18.6691,2,4.4,20260702
20260513,启动前夕,9,002500,002500.SZ,山西证券,证券,主板,,,,5.68,20260518,5.29,-6.8662,-5.2817,1,5.38,20260702
20260513,启动前夕,10,002344,002344.SZ,海宁皮城,商品城,主板,观望,48.0,中,4.46,20260518,4.28,-4.0359,-19.2825,4,3.6,20260702
20260513,启动前夕,11,601008,601008.SH,连云港,港口,主板,观望,43.0,中,4.85,20260518,4.74,-2.268,-14.433,2,4.15,20260702
20260513,启动前夕,12,601018,601018.SH,宁波港,港口,主板,,,,3.79,20260518,3.61,-4.7493,-14.5119,1,3.24,20260702
20260513,启动前夕,13,601099,601099.SH,太平洋,证券,主板,观察,75.0,,3.76,20260518,3.57,-5.0532,-7.4468,2,3.48,20260702
20260513,启动前夕,14,601158,601158.SH,重庆水务,水务,主板,持有,50.0,低,4.46,20260518,4.34,-2.6906,-11.435,2,3.95,20260702
20260513,启动前夕,15,600361,600361.SH,创新新材,铝,主板,持有,50.0,低,4.46,20260518,4.35,-2.4664,-18.3857,4,3.64,20260702
20260513,启动前夕,16,000100,000100.SZ,TCL科技,元器件,主板,持有,50.0,低,4.37,20260518,4.22,-3.4325,35.4691,9,5.92,20260702
20260513,启动前夕,17,002230,002230.SZ,科大讯飞,软件服务,主板,持有,50.0,低,49.4,20260518,48.71,-1.3968,-16.8421,2,41.08,20260702
20260513,启动前夕,18,002302,002302.SZ,西部建设,水泥,主板,,,,5.67,20260518,5.5,-2.9982,-22.9277,1,4.37,20260702
20260513,启动前夕,19,601162,601162.SH,天风证券,证券,主板,,,,3.8,20260518,3.59,-5.5263,-2.8947,1,3.69,20260702
20260513,启动前夕,20,000156,000156.SZ,华数传媒,影视音像,主板,,,,7.55,20260518,7.53,-0.2649,-16.0265,1,6.34,20260702
20260514,启动前夕,1,601398,601398.SH,工商银行,银行,主板,持有,50.0,低,7.3,20260518,7.19,-1.5068,-3.4247,8,7.05,20260702
20260514,启动前夕,2,601988,601988.SH,中国银行,银行,主板,买入,50.0,中,5.76,20260518,5.79,0.5208,-3.125,2,5.58,20260702
20260514,启动前夕,3,600008,600008.SH,首创环保,水务,主板,买入,77.0,高,3.11,20260518,3.08,-0.9646,-11.8971,16,2.74,20260702
20260514,启动前夕,4,601916,601916.SH,浙商银行,银行,主板,持有,55.0,,2.99,20260518,2.99,0.0,-9.3645,13,2.71,20260702
20260514,启动前夕,5,601006,601006.SH,大秦铁路,铁路,主板,持有,50.0,低,5.35,20260518,5.43,1.4953,-13.6449,6,4.62,20260702
20260514,启动前夕,6,600853,600853.SH,龙建股份,建筑工程,主板,买入,75.0,高,4.05,20260518,3.85,-4.9383,-23.2099,2,3.11,20260702
20260514,启动前夕,7,600917,600917.SH,重庆燃气,供气供热,主板,买入,65.0,中,5.33,20260518,5.51,3.3771,-12.5704,1,4.66,20260702
20260514,启动前夕,8,601598,601598.SH,中国外运,仓储物流,主板,买入,72.0,中,6.15,20260518,5.88,-4.3902,-15.7724,2,5.18,20260702
20260514,启动前夕,9,601128,601128.SH,常熟银行,银行,主板,买入,70.0,中,7.27,20260518,7.19,-1.1004,-18.2944,29,5.94,20260702
20260514,启动前夕,10,002646,002646.SZ,天佑德酒,白酒,主板,观望,35.0,高,8.03,20260518,7.77,-3.2379,-19.0535,1,6.5,20260702
20260514,启动前夕,11,601288,601288.SH,农业银行,银行,主板,观望,40.0,高,6.76,20260518,6.6,-2.3669,-11.5385,1,5.98,20260702
20260514,启动前夕,12,002387,002387.SZ,维信诺,元器件,主板,观望,40.0,高,8.28,20260518,8.09,-2.2947,5.0725,1,8.7,20260702
20260514,启动前夕,13,300193,300193.SZ,佳士科技,专用机械,创业板,观望,50.0,中,8.79,20260518,8.6,-2.1615,-6.2571,1,8.24,20260702
20260514,启动前夕,14,600197,600197.SH,伊力特,白酒,主板,观望,50.0,中,12.16,20260518,12.2,0.3289,-18.3388,1,9.93,20260702
20260514,启动前夕,15,600900,600900.SH,长江电力,水力发电,主板,持有,50.0,低,26.94,20260518,26.89,-0.1856,0.0371,19,26.95,20260702
20260514,启动前夕,16,601022,601022.SH,宁波远洋,水运,主板,持有,50.0,低,8.83,20260518,8.44,-4.4168,-11.0985,2,7.85,20260702
20260514,启动前夕,17,601298,601298.SH,青岛港,港口,主板,观望,50.0,中,9.04,20260518,8.91,-1.4381,-10.9513,1,8.05,20260702
20260514,启动前夕,18,000100,000100.SZ,TCL科技,元器件,主板,持有,50.0,低,4.28,20260518,4.22,-1.4019,38.3178,9,5.92,20260702
20260514,启动前夕,19,002351,002351.SZ,漫步者,IT设备,主板,持有,50.0,低,11.33,20260518,11.33,0.0,-18.3583,4,9.25,20260702
20260514,启动前夕,20,603797,603797.SH,联泰环保,环境保护,主板,观望,30.0,高,4.85,20260518,4.78,-1.4433,-20.0,2,3.88,20260702
20260519,启动前夕,1,000100,000100.SZ,TCL科技,元器件,主板,持有,50.0,低,4.3,20260602,4.43,3.0233,37.6744,9,5.92,20260702
20260519,启动前夕,2,000088,000088.SZ,盐田港,港口,主板,持有,50.0,低,4.57,20260602,4.48,-1.9694,-9.628,21,4.13,20260702
20260519,启动前夕,3,601816,601816.SH,京沪高铁,铁路,主板,持有,50.0,低,4.98,20260602,5.1,2.4096,-8.0321,7,4.58,20260702
20260519,启动前夕,4,002122,002122.SZ,002122.SZ,机床制造,主板,持有,50.0,低,2.92,20260602,2.77,-5.137,,1,,20260702
20260519,启动前夕,5,601818,601818.SH,光大银行,银行,主板,持有,50.0,低,3.12,20260602,3.15,0.9615,-4.8077,6,2.97,20260702
20260519,启动前夕,6,601398,601398.SH,工商银行,银行,主板,持有,50.0,低,7.26,20260602,7.34,1.1019,-2.8926,8,7.05,20260702
20260519,启动前夕,7,001391,001391.SZ,国货航,仓储物流,主板,持有,50.0,低,5.37,20260602,5.2,-3.1657,-22.5326,4,4.16,20260702
20260519,启动前夕,8,002641,002641.SZ,公元股份,塑料,主板,持有,50.0,低,4.25,20260602,4.22,-0.7059,-7.5294,6,3.93,20260702
20260519,启动前夕,9,600335,600335.SH,国机汽车,汽车服务,主板,持有,50.0,低,5.98,20260602,5.63,-5.8528,-19.8997,3,4.79,20260702
20260519,启动前夕,10,601008,601008.SH,连云港,港口,主板,持有,50.0,低,4.79,20260602,4.53,-5.428,-13.3612,2,4.15,20260702
20260519,启动前夕,11,601598,601598.SH,中国外运,仓储物流,主板,持有,50.0,低,6.1,20260602,6.18,1.3115,-15.082,2,5.18,20260702
20260519,启动前夕,12,600094,600094.SH,大名城,区域地产,主板,持有,50.0,低,4.74,20260602,4.16,-12.2363,-26.7932,1,3.47,20260702
20260519,启动前夕,13,600361,600361.SH,创新新材,铝,主板,持有,50.0,低,4.42,20260602,4.5,1.81,-17.6471,4,3.64,20260702
20260519,启动前夕,14,601326,601326.SH,秦港股份,港口,主板,持有,50.0,低,3.47,20260602,3.35,-3.4582,-6.0519,2,3.26,20260702
20260519,启动前夕,15,600368,600368.SH,五洲交通,路桥,主板,持有,50.0,低,3.96,20260602,3.99,0.7576,-12.8788,5,3.45,20260702
20260519,启动前夕,16,300021,300021.SZ,大禹节水,建筑工程,创业板,持有,50.0,低,4.42,20260602,4.0,-9.5023,-9.9548,3,3.98,20260702
20260519,启动前夕,17,600365,600365.SH,600365.SH,互联网,主板,持有,50.0,低,3.04,20260602,2.78,-8.5526,,3,,20260702
20260519,启动前夕,18,601333,601333.SH,广深铁路,铁路,主板,持有,50.0,低,3.1,20260602,3.15,1.6129,-8.0645,10,2.85,20260702
20260519,启动前夕,19,600035,600035.SH,楚天高速,路桥,主板,持有,50.0,低,3.87,20260602,3.91,1.0336,-11.8863,10,3.41,20260702
20260519,启动前夕,20,601985,601985.SH,中国核电,新型电力,主板,持有,50.0,低,9.22,20260602,9.28,0.6508,-4.4469,8,8.81,20260702
20260521,启动前夕,1,601128,601128.SH,常熟银行,银行,主板,观望,42.0,中,7.16,20260602,7.18,0.2793,-17.0391,29,5.94,20260702
20260521,启动前夕,2,601916,601916.SH,浙商银行,银行,主板,观望,46.0,中,2.98,20260602,3.07,3.0201,-9.0604,13,2.71,20260702
20260521,启动前夕,3,600900,600900.SH,长江电力,水力发电,主板,观望,53.0,中,26.66,20260602,27.96,4.8762,1.0878,19,26.95,20260702
20260521,启动前夕,4,603213,603213.SH,镇洋发展,化工原料,主板,观望,50.0,中,13.65,20260602,14.59,6.8864,3.5165,3,14.13,20260702
20260521,启动前夕,5,000100,000100.SZ,TCL科技,元器件,主板,观望,42.0,中,4.37,20260602,4.43,1.373,35.4691,9,5.92,20260702
20260521,启动前夕,6,601997,601997.SH,贵阳银行,银行,主板,观望,55.0,中,6.0,20260602,6.04,0.6667,-12.8333,13,5.23,20260702
20260521,启动前夕,7,002576,002576.SZ,通达动力,电气设备,主板,买入,66.0,中,18.91,20260602,16.41,-13.2205,-23.9556,1,14.38,20260702
20260521,启动前夕,8,000088,000088.SZ,盐田港,港口,主板,观望,45.0,中,4.49,20260602,4.48,-0.2227,-8.0178,21,4.13,20260702
20260521,启动前夕,9,600795,600795.SH,国电电力,火力发电,主板,观望,58.0,中,4.9,20260602,5.32,8.5714,-4.0816,9,4.7,20260702
20260521,启动前夕,10,601919,601919.SH,中远海控,水运,主板,观望,56.0,中,14.67,20260602,14.91,1.636,-10.0886,5,13.19,20260702
20260521,启动前夕,11,001380,001380.SZ,华纬科技,汽车配件,主板,买入,76.0,中,19.77,20260602,17.33,-12.3419,-19.2716,1,15.96,20260702
20260521,启动前夕,12,600143,600143.SH,金发科技,塑料,主板,观望,52.0,中,17.54,20260602,16.74,-4.561,-11.8586,2,15.46,20260702
20260521,启动前夕,13,301107,301107.SZ,瑜欣电子,机械基件,创业板,买入,76.0,中,28.01,20260602,24.12,-13.8879,-17.6009,2,23.08,20260702
20260521,启动前夕,14,001391,001391.SZ,国货航,仓储物流,主板,观望,48.0,中,5.26,20260602,5.2,-1.1407,-20.9125,4,4.16,20260702
20260521,启动前夕,15,603177,603177.SH,德创环保,环境保护,主板,观望,45.0,中,11.74,20260602,10.37,-11.6695,-28.6201,1,8.38,20260702
20260521,启动前夕,16,002966,002966.SZ,苏州银行,银行,主板,观望,51.0,中,8.5,20260602,8.28,-2.5882,-15.8824,16,7.15,20260702
20260521,启动前夕,17,603383,603383.SH,顶点软件,软件服务,主板,买入,68.0,中,33.25,20260602,31.97,-3.8496,-17.1128,2,27.56,20260702
20260521,启动前夕,18,002241,002241.SZ,歌尔股份,元器件,主板,观望,48.0,中,24.94,20260602,26.7,7.0569,-12.911,2,21.72,20260702
20260521,启动前夕,19,001286,001286.SZ,陕西能源,火力发电,主板,观望,46.0,中,11.4,20260602,13.12,15.0877,-8.1579,1,10.47,20260702
20260521,启动前夕,20,600035,600035.SH,楚天高速,路桥,主板,观望,52.0,中,3.83,20260602,3.91,2.0888,-10.9661,10,3.41,20260702
20260522,启动前夕,1,000100,000100.SZ,TCL科技,元器件,主板,持有,50.0,低,4.38,20260602,4.43,1.1416,35.1598,9,5.92,20260702
20260522,启动前夕,2,002877,002877.SZ,智能自控,机械基件,主板,持有,50.0,低,9.06,20260602,8.06,-11.0375,-20.9713,1,7.16,20260702
20260522,启动前夕,3,601128,601128.SH,常熟银行,银行,主板,持有,50.0,低,7.11,20260602,7.18,0.9845,-16.4557,29,5.94,20260702
20260522,启动前夕,4,601916,601916.SH,浙商银行,银行,主板,持有,50.0,低,2.97,20260602,3.07,3.367,-8.7542,13,2.71,20260702
20260522,启动前夕,5,600900,600900.SH,长江电力,水力发电,主板,持有,50.0,低,26.56,20260602,27.96,5.2711,1.4684,19,26.95,20260702
20260522,启动前夕,6,600008,600008.SH,首创环保,水务,主板,持有,50.0,低,3.06,20260602,3.24,5.8824,-10.4575,16,2.74,20260702
20260522,启动前夕,7,002966,002966.SZ,苏州银行,银行,主板,持有,50.0,低,8.4,20260602,8.28,-1.4286,-14.881,16,7.15,20260702
20260522,启动前夕,8,300375,300375.SZ,鹏翎股份,汽车配件,创业板,持有,50.0,低,4.87,20260602,4.32,-11.2936,-15.1951,1,4.13,20260702
20260522,启动前夕,9,301575,301575.SZ,艾芬达,家居用品,创业板,持有,50.0,低,47.1,20260602,41.78,-11.2951,-40.7431,4,27.91,20260702
20260522,启动前夕,10,002241,002241.SZ,歌尔股份,元器件,主板,持有,50.0,低,25.56,20260602,26.7,4.4601,-15.0235,2,21.72,20260702
20260522,启动前夕,11,301337,301337.SZ,亚华电子,软件服务,创业板,持有,50.0,低,27.88,20260602,25.49,-8.5725,1.1836,2,28.21,20260702
20260522,启动前夕,12,600795,600795.SH,国电电力,火力发电,主板,持有,50.0,低,4.9,20260602,5.32,8.5714,-4.0816,9,4.7,20260702
20260522,启动前夕,13,600905,600905.SH,三峡能源,新型电力,主板,持有,50.0,低,4.11,20260602,4.32,5.1095,-8.5158,9,3.76,20260702
20260522,启动前夕,14,601997,601997.SH,贵阳银行,银行,主板,持有,50.0,低,5.99,20260602,6.04,0.8347,-12.6878,13,5.23,20260702
20260522,启动前夕,15,300978,300978.SZ,东箭科技,汽车配件,创业板,持有,50.0,低,10.91,20260602,9.75,-10.6324,-24.8396,1,8.2,20260702
20260522,启动前夕,16,601880,601880.SH,辽港股份,港口,主板,持有,50.0,低,1.61,20260602,1.61,0.0,-13.6646,2,1.39,20260702
20260522,启动前夕,17,603004,603004.SH,鼎龙科技,化工原料,主板,持有,50.0,低,21.18,20260602,18.6,-12.1813,16.9972,1,24.78,20260702
20260522,启动前夕,18,003028,003028.SZ,振邦智能,元器件,主板,持有,50.0,低,28.75,20260602,26.61,-7.4435,-22.1913,1,22.37,20260702
20260522,启动前夕,19,300826,300826.SZ,测绘股份,建筑工程,创业板,持有,50.0,低,16.48,20260602,18.85,14.3811,-16.9296,5,13.69,20260702
20260522,启动前夕,20,600143,600143.SH,金发科技,塑料,主板,持有,50.0,低,17.7,20260602,16.74,-5.4237,-12.6554,2,15.46,20260702
20260525,启动前夕,1,600008,600008.SH,首创环保,水务,主板,持有,50.0,低,3.08,20260602,3.24,5.1948,-11.039,16,2.74,20260702
20260525,启动前夕,2,600795,600795.SH,国电电力,火力发电,主板,持有,50.0,低,4.97,20260602,5.32,7.0423,-5.4326,9,4.7,20260702
20260525,启动前夕,3,600035,600035.SH,楚天高速,路桥,主板,持有,50.0,低,3.83,20260602,3.91,2.0888,-10.9661,10,3.41,20260702
20260525,启动前夕,4,600368,600368.SH,五洲交通,路桥,主板,持有,50.0,低,3.96,20260602,3.99,0.7576,-12.8788,5,3.45,20260702
20260525,启动前夕,5,600905,600905.SH,三峡能源,新型电力,主板,持有,50.0,低,4.12,20260602,4.32,4.8544,-8.7379,9,3.76,20260702
20260525,启动前夕,6,600886,600886.SH,国投电力,水力发电,主板,持有,50.0,低,13.49,20260602,14.46,7.1905,0.4448,3,13.55,20260702
20260525,启动前夕,7,003037,003037.SZ,三和管桩,水泥,主板,持有,50.0,低,7.14,20260602,7.24,1.4006,-21.9888,3,5.57,20260702
20260525,启动前夕,8,600925,600925.SH,苏能股份,煤炭开采,主板,持有,50.0,低,4.61,20260602,4.81,4.3384,-9.9783,6,4.15,20260702
20260525,启动前夕,9,600098,600098.SH,广州发展,火力发电,主板,持有,50.0,低,7.33,20260602,8.02,9.4134,-18.0082,2,6.01,20260702
20260525,启动前夕,10,601006,601006.SH,大秦铁路,铁路,主板,持有,50.0,低,5.35,20260602,5.18,-3.1776,-13.6449,6,4.62,20260702
20260525,启动前夕,11,600012,600012.SH,皖通高速,路桥,主板,持有,50.0,低,16.0,20260602,17.6,10.0,-0.125,2,15.98,20260702
20260525,启动前夕,12,600167,600167.SH,联美控股,供气供热,主板,持有,50.0,低,6.84,20260602,6.92,1.1696,-17.8363,2,5.62,20260702
20260525,启动前夕,13,000755,000755.SZ,山西高速,路桥,主板,持有,50.0,低,5.19,20260602,5.35,3.0829,-14.8362,1,4.42,20260702
20260525,启动前夕,14,600919,600919.SH,江苏银行,银行,主板,持有,50.0,低,11.15,20260602,11.5,3.139,0.8969,4,11.25,20260702
20260525,启动前夕,15,000598,000598.SZ,兴蓉环境,水务,主板,持有,50.0,低,6.72,20260602,7.17,6.6964,-1.0417,5,6.65,20260702
20260525,启动前夕,16,001391,001391.SZ,国货航,仓储物流,主板,持有,50.0,低,5.26,20260602,5.2,-1.1407,-20.9125,4,4.16,20260702
20260525,启动前夕,17,600116,600116.SH,三峡水利,水力发电,主板,持有,50.0,低,6.69,20260602,6.99,4.4843,-14.9477,4,5.69,20260702
20260525,启动前夕,18,600377,600377.SH,宁沪高速,路桥,主板,持有,50.0,低,12.36,20260602,13.02,5.3398,-4.7735,2,11.77,20260702
20260525,启动前夕,19,601000,601000.SH,唐山港,港口,主板,持有,50.0,低,4.7,20260602,4.32,-8.0851,-8.7234,2,4.29,20260702
20260525,启动前夕,20,601022,601022.SH,宁波远洋,水运,主板,持有,50.0,低,8.76,20260602,8.29,-5.3653,-10.3881,2,7.85,20260702
20260526,启动前夕,1,600008,600008.SH,首创环保,水务,主板,持有,50.0,低,3.09,20260602,3.24,4.8544,-11.3269,16,2.74,20260702
20260526,启动前夕,2,600795,600795.SH,国电电力,火力发电,主板,持有,50.0,低,4.95,20260602,5.32,7.4747,-5.0505,9,4.7,20260702
20260526,启动前夕,3,601375,601375.SH,中原证券,证券,主板,持有,50.0,低,3.98,20260602,4.04,1.5075,2.0101,1,4.06,20260702
20260526,启动前夕,4,600905,600905.SH,三峡能源,新型电力,主板,持有,50.0,低,4.11,20260602,4.32,5.1095,-8.5158,9,3.76,20260702
20260526,启动前夕,5,601658,601658.SH,邮储银行,银行,主板,持有,50.0,低,4.99,20260602,5.01,0.4008,-0.6012,6,4.96,20260702
20260526,启动前夕,6,601901,601901.SH,方正证券,证券,主板,持有,50.0,低,7.09,20260602,6.72,-5.2186,3.5261,1,7.34,20260702
20260526,启动前夕,7,601398,601398.SH,工商银行,银行,主板,持有,50.0,低,7.18,20260602,7.34,2.2284,-1.8106,8,7.05,20260702
20260526,启动前夕,8,600035,600035.SH,楚天高速,路桥,主板,持有,50.0,低,3.82,20260602,3.91,2.356,-10.733,10,3.41,20260702
20260526,启动前夕,9,600674,600674.SH,川投能源,水力发电,主板,持有,50.0,低,15.13,20260602,15.44,2.0489,-4.23,5,14.49,20260702
20260526,启动前夕,10,601919,601919.SH,中远海控,水运,主板,持有,50.0,低,14.56,20260602,14.91,2.4038,-9.4093,5,13.19,20260702
20260526,启动前夕,11,603236,603236.SH,移远通信,通信设备,主板,持有,50.0,低,77.3,20260602,52.49,-32.0957,-34.1268,1,50.92,20260702
20260526,启动前夕,12,600167,600167.SH,联美控股,供气供热,主板,持有,50.0,低,6.8,20260602,6.92,1.7647,-17.3529,2,5.62,20260702
20260526,启动前夕,13,000709,000709.SZ,河钢股份,普钢,主板,持有,50.0,低,2.26,20260602,2.24,-0.885,-12.3894,1,1.98,20260702
20260526,启动前夕,14,600305,600305.SH,恒顺醋业,食品,主板,持有,50.0,低,7.3,20260602,7.21,-1.2329,-10.8219,4,6.51,20260702
20260526,启动前夕,15,603229,603229.SH,奥翔药业,化学制药,主板,持有,50.0,低,10.25,20260602,9.48,-7.5122,-20.1951,1,8.18,20260702
20260526,启动前夕,16,002967,002967.SZ,广电计量,电器仪表,主板,持有,50.0,低,22.17,20260602,20.52,-7.4425,-15.1105,1,18.82,20260702
20260526,启动前夕,17,000045,000045.SZ,深纺织Ａ,元器件,主板,持有,50.0,低,12.06,20260602,11.25,-6.7164,-16.4179,1,10.08,20260702
20260526,启动前夕,18,600958,600958.SH,东方证券,证券,主板,持有,50.0,低,9.6,20260602,9.25,-3.6458,-0.5208,1,9.55,20260702
20260526,启动前夕,19,600369,600369.SH,西南证券,证券,主板,持有,50.0,低,4.09,20260602,4.01,-1.956,0.489,2,4.11,20260702
20260526,启动前夕,20,601198,601198.SH,东兴证券,证券,主板,持有,50.0,低,13.57,20260602,13.31,-1.916,0.6632,3,13.66,20260702
20260527,启动前夕,1,600795,600795.SH,国电电力,火力发电,主板,持有,50.0,低,4.96,20260602,5.32,7.2581,-5.2419,9,4.7,20260702
20260527,启动前夕,2,600157,600157.SH,永泰能源,火力发电,主板,持有,50.0,低,1.76,20260602,1.84,4.5455,-10.7955,2,1.57,20260702
20260527,启动前夕,3,002936,002936.SZ,郑州银行,银行,主板,持有,50.0,低,1.79,20260602,1.8,0.5587,-5.5866,8,1.69,20260702
20260527,启动前夕,4,600008,600008.SH,首创环保,水务,主板,持有,50.0,低,3.07,20260602,3.24,5.5375,-10.7492,16,2.74,20260702
20260527,启动前夕,5,002005,002005.SZ,002005.SZ,家用电器,主板,持有,50.0,低,2.92,20260602,3.01,3.0822,,1,,20260702
20260527,启动前夕,6,002014,002014.SZ,永新股份,塑料,主板,持有,50.0,低,11.04,20260602,10.5,-4.8913,0.8152,1,11.13,20260702
20260527,启动前夕,7,002351,002351.SZ,漫步者,IT设备,主板,持有,50.0,低,11.17,20260602,11.37,1.7905,-17.1889,4,9.25,20260702
20260527,启动前夕,8,600886,600886.SH,国投电力,水力发电,主板,持有,50.0,低,13.78,20260602,14.46,4.9347,-1.6691,3,13.55,20260702
20260527,启动前夕,9,600116,600116.SH,三峡水利,水力发电,主板,持有,50.0,低,6.7,20260602,6.99,4.3284,-15.0746,4,5.69,20260702
20260527,启动前夕,10,600305,600305.SH,恒顺醋业,食品,主板,持有,50.0,低,7.31,20260602,7.21,-1.368,-10.9439,4,6.51,20260702
20260527,启动前夕,11,601919,601919.SH,中远海控,水运,主板,持有,50.0,低,14.34,20260602,14.91,3.9749,-8.0195,5,13.19,20260702
20260527,启动前夕,12,601059,601059.SH,信达证券,证券,主板,持有,50.0,低,17.27,20260602,17.03,-1.3897,-4.5165,4,16.49,20260702
20260527,启动前夕,13,600848,600848.SH,上海临港,园区开发,主板,持有,50.0,低,8.91,20260602,9.51,6.734,-14.7026,1,7.6,20260702
20260527,启动前夕,14,600548,600548.SH,深高速,路桥,主板,持有,50.0,低,8.88,20260602,8.98,1.1261,-4.7297,1,8.46,20260702
20260527,启动前夕,15,600012,600012.SH,皖通高速,路桥,主板,持有,50.0,低,16.43,20260602,17.6,7.1211,-2.7389,2,15.98,20260702
20260527,启动前夕,16,002236,002236.SZ,大华股份,IT设备,主板,持有,50.0,低,17.71,20260602,16.9,-4.5737,-6.7758,2,16.51,20260702
20260527,启动前夕,17,600780,600780.SH,通宝能源,火力发电,主板,持有,50.0,低,7.25,20260602,7.49,3.3103,-16.8276,1,6.03,20260702
20260527,启动前夕,18,601198,601198.SH,东兴证券,证券,主板,持有,50.0,低,13.44,20260602,13.31,-0.9673,1.6369,3,13.66,20260702
20260527,启动前夕,19,600177,600177.SH,雅戈尔,服饰,主板,持有,50.0,低,7.52,20260602,7.58,0.7979,4.1223,6,7.83,20260702
20260527,启动前夕,20,601398,601398.SH,工商银行,银行,主板,持有,50.0,低,7.12,20260602,7.34,3.0899,-0.9831,8,7.05,20260702
20260528,启动前夕,1,600905,600905.SH,三峡能源,新型电力,主板,持有,50.0,低,4.15,20260602,4.32,4.0964,-9.3976,9,3.76,20260702
20260528,启动前夕,2,601816,601816.SH,京沪高铁,铁路,主板,持有,50.0,低,4.92,20260602,5.1,3.6585,-6.9106,7,4.58,20260702
20260528,启动前夕,3,600795,600795.SH,国电电力,火力发电,主板,持有,50.0,低,5.0,20260602,5.32,6.4,-6.0,9,4.7,20260702
20260528,启动前夕,4,600925,600925.SH,苏能股份,煤炭开采,主板,持有,50.0,低,4.6,20260602,4.81,4.5652,-9.7826,6,4.15,20260702
20260528,启动前夕,5,600116,600116.SH,三峡水利,水力发电,主板,持有,50.0,低,6.77,20260602,6.99,3.2496,-15.9527,4,5.69,20260702
20260528,启动前夕,6,300230,300230.SZ,永利股份,塑料,创业板,持有,50.0,低,5.0,20260602,4.87,-2.6,-15.2,2,4.24,20260702
20260528,启动前夕,7,002351,002351.SZ,漫步者,IT设备,主板,持有,50.0,低,11.32,20260602,11.37,0.4417,-18.2862,4,9.25,20260702
20260528,启动前夕,8,000820,000820.SZ,000820.SZ,综合类,主板,持有,50.0,低,3.74,20260602,3.71,-0.8021,,1,,20260702
20260528,启动前夕,9,600496,600496.SH,精工钢构,钢加工,主板,持有,50.0,低,4.11,20260602,4.22,2.6764,-21.8978,3,3.21,20260702
20260528,启动前夕,10,600886,600886.SH,国投电力,水力发电,主板,持有,50.0,低,13.81,20260602,14.46,4.7067,-1.8827,3,13.55,20260702
20260528,启动前夕,11,002578,002578.SZ,闽发铝业,铝,主板,持有,50.0,低,4.09,20260602,4.18,2.2005,-22.7384,2,3.16,20260702
20260528,启动前夕,12,601827,601827.SH,三峰环境,环境保护,主板,持有,50.0,低,8.15,20260602,8.52,4.5399,-8.0982,1,7.49,20260702
20260528,启动前夕,13,600008,600008.SH,首创环保,水务,主板,持有,50.0,低,3.06,20260602,3.24,5.8824,-10.4575,16,2.74,20260702
20260528,启动前夕,14,600377,600377.SH,宁沪高速,路桥,主板,持有,50.0,低,12.53,20260602,13.02,3.9106,-6.0654,2,11.77,20260702
20260528,启动前夕,15,002775,002775.SZ,文科股份,建筑工程,主板,持有,50.0,低,4.11,20260602,3.98,-3.163,-10.219,1,3.69,20260702
20260528,启动前夕,16,600704,600704.SH,物产中大,仓储物流,主板,持有,50.0,低,5.0,20260602,4.97,-0.6,-4.2,5,4.79,20260702
20260528,启动前夕,17,603160,603160.SH,汇顶科技,半导体,主板,持有,50.0,低,66.09,20260602,55.64,-15.8118,-8.7003,1,60.34,20260702
20260528,启动前夕,18,601939,601939.SH,建设银行,银行,主板,持有,50.0,低,10.09,20260602,10.18,0.892,-4.8563,1,9.6,20260702
20260528,启动前夕,19,600255,600255.SH,鑫科材料,小金属,主板,持有,50.0,低,3.74,20260602,3.99,6.6845,-9.6257,2,3.38,20260702
20260528,启动前夕,20,301107,301107.SZ,瑜欣电子,机械基件,创业板,持有,50.0,低,28.29,20260602,24.12,-14.7402,-18.4164,2,23.08,20260702
20260601,启动前夕,1,000088,000088.SZ,盐田港,港口,主板,持有,50.0,低,4.5,20260602,4.48,-0.4444,-8.2222,21,4.13,20260702
20260601,启动前夕,2,601658,601658.SH,邮储银行,银行,主板,持有,50.0,低,5.02,20260602,5.01,-0.1992,-1.1952,6,4.96,20260702
20260601,启动前夕,3,002872,002872.SZ,002872.SZ,医药商业,主板,持有,50.0,低,5.5,20260602,5.46,-0.7273,,1,,20260702
20260601,启动前夕,4,600018,600018.SH,上港集团,港口,主板,持有,50.0,低,5.14,20260602,5.14,0.0,-6.0311,4,4.83,20260702
20260601,启动前夕,5,601169,601169.SH,北京银行,银行,主板,持有,50.0,低,5.17,20260602,5.16,-0.1934,-2.9014,12,5.02,20260702
20260601,启动前夕,6,000828,000828.SZ,东莞控股,路桥,主板,持有,50.0,低,10.22,20260602,10.11,-1.0763,-4.9902,2,9.71,20260702
20260601,启动前夕,7,001391,001391.SZ,国货航,仓储物流,主板,持有,50.0,低,5.24,20260602,5.2,-0.7634,-20.6107,4,4.16,20260702
20260601,启动前夕,8,600000,600000.SH,浦发银行,银行,主板,持有,50.0,低,9.32,20260602,9.31,-0.1073,-6.6524,2,8.7,20260702
20260601,启动前夕,9,002305,002305.SZ,002305.SZ,区域地产,主板,持有,50.0,低,2.38,20260602,2.44,2.521,,1,,20260702
20260601,启动前夕,10,300026,300026.SZ,红日药业,中成药,创业板,持有,50.0,低,3.29,20260602,3.25,-1.2158,-5.7751,1,3.1,20260702
20260601,启动前夕,11,000927,000927.SZ,中国铁物,仓储物流,主板,持有,50.0,低,2.74,20260602,2.7,-1.4599,-14.9635,1,2.33,20260702
20260601,启动前夕,12,601059,601059.SH,信达证券,证券,主板,持有,50.0,低,17.12,20260602,17.03,-0.5257,-3.6799,4,16.49,20260702
20260601,启动前夕,13,600928,600928.SH,西安银行,银行,主板,持有,50.0,低,3.59,20260602,3.58,-0.2786,-5.2925,3,3.4,20260702
20260601,启动前夕,14,000504,000504.SZ,000504.SZ,医疗保健,主板,持有,50.0,低,9.54,20260602,9.63,0.9434,,1,,20260702
20260601,启动前夕,15,601158,601158.SH,重庆水务,水务,主板,持有,50.0,低,4.34,20260602,4.3,-0.9217,-8.9862,2,3.95,20260702
20260601,启动前夕,16,600987,600987.SH,航民股份,纺织,主板,持有,50.0,低,6.68,20260602,6.68,0.0,-3.4431,1,6.45,20260702
20260601,启动前夕,17,600305,600305.SH,恒顺醋业,食品,主板,持有,50.0,低,7.3,20260602,7.21,-1.2329,-10.8219,4,6.51,20260702
20260601,启动前夕,18,002462,002462.SZ,嘉事堂,医药商业,主板,持有,50.0,低,13.99,20260602,13.85,-1.0007,-19.8713,1,11.21,20260702
20260601,启动前夕,19,300311,300311.SZ,300311.SZ,软件服务,创业板,持有,50.0,低,5.49,20260602,5.52,0.5464,,2,,20260702
20260601,启动前夕,20,600361,600361.SH,创新新材,铝,主板,持有,50.0,低,4.55,20260602,4.5,-1.0989,-20.0,4,3.64,20260702
20260602,启动前夕,1,601128,601128.SH,常熟银行,银行,主板,持有,50.0,低,7.18,20260617,6.41,-10.7242,-17.2702,29,5.94,20260702
20260602,启动前夕,2,002966,002966.SZ,苏州银行,银行,主板,持有,50.0,低,8.28,20260617,8.0,-3.3816,-13.6473,16,7.15,20260702
20260602,启动前夕,3,600285,600285.SH,羚锐制药,中成药,主板,持有,50.0,低,22.05,20260617,20.45,-7.2562,-6.4853,7,20.62,20260702
20260602,启动前夕,4,601198,601198.SH,东兴证券,证券,主板,持有,50.0,低,13.31,20260617,13.07,-1.8032,2.6296,3,13.66,20260702
20260602,启动前夕,5,601880,601880.SH,辽港股份,港口,主板,持有,50.0,低,1.61,20260617,1.52,-5.5901,-13.6646,2,1.39,20260702
20260602,启动前夕,6,002351,002351.SZ,漫步者,IT设备,主板,持有,50.0,低,11.37,20260617,10.04,-11.6974,-18.6456,4,9.25,20260702
20260602,启动前夕,7,002839,002839.SZ,张家港行,银行,主板,持有,50.0,低,4.32,20260617,4.22,-2.3148,-6.9444,11,4.02,20260702
20260602,启动前夕,8,603383,603383.SH,顶点软件,软件服务,主板,持有,50.0,低,31.97,20260617,28.5,-10.8539,-13.7942,2,27.56,20260702
20260602,启动前夕,9,002028,002028.SZ,思源电气,电气设备,主板,持有,50.0,低,206.27,20260617,186.93,-9.3761,-24.6425,2,155.44,20260702
20260602,启动前夕,10,000848,000848.SZ,承德露露,软饮料,主板,持有,50.0,低,8.17,20260617,7.66,-6.2424,-4.284,1,7.82,20260702
20260602,启动前夕,11,600035,600035.SH,楚天高速,路桥,主板,持有,50.0,低,3.91,20260617,3.74,-4.3478,-12.7877,10,3.41,20260702
20260602,启动前夕,12,603689,603689.SH,皖天然气,供气供热,主板,持有,50.0,低,8.19,20260617,7.55,-7.8144,-12.9426,1,7.13,20260702
20260602,启动前夕,13,600015,600015.SH,华夏银行,银行,主板,持有,50.0,低,6.92,20260617,6.82,-1.4451,-4.4798,4,6.61,20260702
20260602,启动前夕,14,603049,603049.SH,中策橡胶,汽车配件,主板,持有,50.0,低,47.53,20260617,46.79,-1.5569,-4.9022,1,45.2,20260702
20260602,启动前夕,15,002668,002668.SZ,TCL智家,家用电器,主板,持有,50.0,低,9.59,20260617,10.06,4.9009,15.0156,2,11.03,20260702
20260602,启动前夕,16,603602,603602.SH,纵横通信,通信设备,主板,持有,50.0,低,13.56,20260617,12.89,-4.941,-17.5516,1,11.18,20260702
20260602,启动前夕,17,002230,002230.SZ,科大讯飞,软件服务,主板,持有,50.0,低,48.26,20260617,41.59,-13.821,-14.8777,2,41.08,20260702
20260602,启动前夕,18,601333,601333.SH,广深铁路,铁路,主板,持有,50.0,低,3.15,20260617,3.0,-4.7619,-9.5238,10,2.85,20260702
20260602,启动前夕,19,300311,300311.SZ,300311.SZ,软件服务,创业板,持有,50.0,低,5.52,20260617,5.26,-4.7101,,2,,20260702
20260602,启动前夕,20,000828,000828.SZ,东莞控股,路桥,主板,持有,50.0,低,10.11,20260617,9.72,-3.8576,-3.9565,2,9.71,20260702
20260603,启动前夕,1,601818,601818.SH,光大银行,银行,主板,持有,50.0,低,3.12,20260617,3.15,0.9615,-4.8077,6,2.97,20260702
20260603,启动前夕,2,600035,600035.SH,楚天高速,路桥,主板,持有,50.0,低,3.86,20260617,3.74,-3.1088,-11.658,10,3.41,20260702
20260603,启动前夕,3,601997,601997.SH,贵阳银行,银行,主板,持有,50.0,低,5.97,20260617,5.58,-6.5327,-12.3953,13,5.23,20260702
20260603,启动前夕,4,600361,600361.SH,创新新材,铝,主板,持有,50.0,低,4.55,20260617,4.08,-10.3297,-20.0,4,3.64,20260702
20260603,启动前夕,5,601333,601333.SH,广深铁路,铁路,主板,持有,50.0,低,3.1,20260617,3.0,-3.2258,-8.0645,10,2.85,20260702
20260603,启动前夕,6,601568,601568.SH,北元集团,化工原料,主板,持有,50.0,低,3.82,20260617,3.7,-3.1414,-7.8534,3,3.52,20260702
20260603,启动前夕,7,000507,000507.SZ,珠海港,新型电力,主板,持有,50.0,低,5.29,20260617,4.86,-8.1285,-10.397,3,4.74,20260702
20260603,启动前夕,8,600020,600020.SH,中原高速,路桥,主板,持有,50.0,低,3.97,20260617,3.85,-3.0227,-6.2972,3,3.72,20260702
20260603,启动前夕,9,600333,600333.SH,长春燃气,供气供热,主板,持有,50.0,低,5.83,20260617,5.57,-4.4597,-9.9485,1,5.25,20260702
20260603,启动前夕,10,600674,600674.SH,川投能源,水力发电,主板,持有,50.0,低,15.46,20260617,14.63,-5.3687,-6.2743,5,14.49,20260702
20260603,启动前夕,11,600919,600919.SH,江苏银行,银行,主板,持有,50.0,低,11.32,20260617,11.53,1.8551,-0.6184,4,11.25,20260702
20260603,启动前夕,12,601328,601328.SH,交通银行,银行,主板,持有,50.0,低,6.78,20260617,6.9,1.7699,-3.9823,9,6.51,20260702
20260603,启动前夕,13,002641,002641.SZ,公元股份,塑料,主板,持有,50.0,低,4.22,20260617,4.3,1.8957,-6.872,6,3.93,20260702
20260603,启动前夕,14,600018,600018.SH,上港集团,港口,主板,持有,50.0,低,5.07,20260617,4.97,-1.9724,-4.7337,4,4.83,20260702
20260603,启动前夕,15,002578,002578.SZ,闽发铝业,铝,主板,持有,50.0,低,4.13,20260617,3.62,-12.3487,-23.4867,2,3.16,20260702
20260603,启动前夕,16,002936,002936.SZ,郑州银行,银行,主板,持有,50.0,低,1.79,20260617,1.75,-2.2346,-5.5866,8,1.69,20260702
20260603,启动前夕,17,002958,002958.SZ,青农商行,银行,主板,持有,50.0,低,2.92,20260617,2.86,-2.0548,-4.1096,12,2.8,20260702
20260603,启动前夕,18,601860,601860.SH,紫金银行,银行,主板,持有,50.0,低,2.6,20260617,2.61,0.3846,-4.6154,10,2.48,20260702
20260603,启动前夕,19,601658,601658.SH,邮储银行,银行,主板,持有,50.0,低,4.98,20260617,4.98,0.0,-0.4016,6,4.96,20260702
20260603,启动前夕,20,600033,600033.SH,福建高速,路桥,主板,持有,50.0,低,3.57,20260617,3.53,-1.1204,-5.6022,7,3.37,20260702
20260604,启动前夕,1,601997,601997.SH,贵阳银行,银行,主板,持有,50.0,低,5.87,20260617,5.58,-4.9404,-10.9029,13,5.23,20260702
20260604,启动前夕,2,601328,601328.SH,交通银行,银行,主板,持有,50.0,低,6.72,20260617,6.9,2.6786,-3.125,9,6.51,20260702
20260604,启动前夕,3,600036,600036.SH,招商银行,银行,主板,持有,50.0,低,38.1,20260617,38.23,0.3412,-3.937,5,36.6,20260702
20260604,启动前夕,4,600905,600905.SH,三峡能源,新型电力,主板,持有,50.0,低,4.3,20260617,4.13,-3.9535,-12.5581,9,3.76,20260702
20260604,启动前夕,5,601916,601916.SH,浙商银行,银行,主板,持有,50.0,低,3.06,20260617,3.04,-0.6536,-11.4379,13,2.71,20260702
20260604,启动前夕,6,002319,002319.SZ,乐通股份,染料涂料,主板,持有,50.0,低,11.75,20260617,11.29,-3.9149,-9.4468,1,10.64,20260702
20260604,启动前夕,7,600900,600900.SH,长江电力,水力发电,主板,持有,50.0,低,27.72,20260617,27.0,-2.5974,-2.7778,19,26.95,20260702
20260604,启动前夕,8,003000,003000.SZ,劲仔食品,食品,主板,持有,50.0,低,10.65,20260617,10.13,-4.8826,-4.6009,4,10.16,20260702
20260604,启动前夕,9,603167,603167.SH,渤海轮渡,水运,主板,持有,50.0,低,9.01,20260617,9.06,0.5549,-0.444,9,8.97,20260702
20260604,启动前夕,10,600035,600035.SH,楚天高速,路桥,主板,持有,50.0,低,3.81,20260617,3.74,-1.8373,-10.4987,10,3.41,20260702
20260604,启动前夕,11,600368,600368.SH,五洲交通,路桥,主板,持有,50.0,低,3.97,20260617,3.65,-8.0605,-13.0982,5,3.45,20260702
20260604,启动前夕,12,601128,601128.SH,常熟银行,银行,主板,持有,50.0,低,6.98,20260617,6.41,-8.1662,-14.8997,29,5.94,20260702
20260604,启动前夕,13,000651,000651.SZ,格力电器,家用电器,主板,持有,50.0,低,38.88,20260617,37.15,-4.4496,-2.2634,10,38.0,20260702
20260604,启动前夕,14,600496,600496.SH,精工钢构,钢加工,主板,持有,50.0,低,4.14,20260617,3.45,-16.6667,-22.4638,3,3.21,20260702
20260604,启动前夕,15,000978,000978.SZ,桂林旅游,旅游景点,主板,持有,50.0,低,6.62,20260617,5.66,-14.5015,-18.429,1,5.4,20260702
20260604,启动前夕,16,600674,600674.SH,川投能源,水力发电,主板,持有,50.0,低,15.57,20260617,14.63,-6.0373,-6.9364,5,14.49,20260702
20260604,启动前夕,17,601919,601919.SH,中远海控,水运,主板,持有,50.0,低,14.47,20260617,14.04,-2.9717,-8.8459,5,13.19,20260702
20260604,启动前夕,18,600116,600116.SH,三峡水利,水力发电,主板,持有,50.0,低,6.89,20260617,6.21,-9.8694,-17.4165,4,5.69,20260702
20260604,启动前夕,19,601333,601333.SH,广深铁路,铁路,主板,持有,50.0,低,3.07,20260617,3.0,-2.2801,-7.1661,10,2.85,20260702
20260604,启动前夕,20,600285,600285.SH,羚锐制药,中成药,主板,持有,50.0,低,21.38,20260617,20.45,-4.3499,-3.5547,7,20.62,20260702
20260605,启动前夕,1,601818,601818.SH,光大银行,银行,主板,持有,62.0,中,3.13,20260617,3.15,0.639,-5.1118,6,2.97,20260702
20260605,启动前夕,2,600020,600020.SH,中原高速,路桥,主板,卖出,39.0,中,4.01,20260617,3.85,-3.99,-7.2319,3,3.72,20260702
20260605,启动前夕,3,601860,601860.SH,紫金银行,银行,主板,持有,50.0,低,2.61,20260617,2.61,0.0,-4.9808,10,2.48,20260702
20260605,启动前夕,4,601328,601328.SH,交通银行,银行,主板,持有,50.0,低,6.83,20260617,6.9,1.0249,-4.6852,9,6.51,20260702
20260605,启动前夕,5,600919,600919.SH,江苏银行,银行,主板,持有,50.0,低,11.38,20260617,11.53,1.3181,-1.1424,4,11.25,20260702
20260605,启动前夕,6,601997,601997.SH,贵阳银行,银行,主板,买入,68.0,,5.95,20260617,5.58,-6.2185,-12.1008,13,5.23,20260702
20260605,启动前夕,7,002641,002641.SZ,公元股份,塑料,主板,观望,45.0,中,4.22,20260617,4.3,1.8957,-6.872,6,3.93,20260702
20260605,启动前夕,8,002958,002958.SZ,青农商行,银行,主板,观望,40.0,中,2.92,20260617,2.86,-2.0548,-4.1096,12,2.8,20260702
20260605,启动前夕,9,601398,601398.SH,工商银行,银行,主板,持有,50.0,低,7.34,20260617,7.36,0.2725,-3.951,8,7.05,20260702
20260605,启动前夕,10,600015,600015.SH,华夏银行,银行,主板,观望,45.0,中,6.83,20260617,6.82,-0.1464,-3.2211,4,6.61,20260702
20260605,启动前夕,11,603167,603167.SH,渤海轮渡,水运,主板,持有,50.0,低,9.12,20260617,9.06,-0.6579,-1.6447,9,8.97,20260702
20260605,启动前夕,12,600016,600016.SH,民生银行,银行,主板,买入,63.0,中,3.57,20260617,3.56,-0.2801,-8.4034,10,3.27,20260702
20260605,启动前夕,13,600000,600000.SH,浦发银行,银行,主板,持有,50.0,低,9.34,20260617,9.24,-1.0707,-6.8522,2,8.7,20260702
20260605,启动前夕,14,600035,600035.SH,楚天高速,路桥,主板,持有,50.0,低,3.83,20260617,3.74,-2.3499,-10.9661,10,3.41,20260702
20260605,启动前夕,15,601658,601658.SH,邮储银行,银行,主板,持有,50.0,低,4.96,20260617,4.98,0.4032,0.0,6,4.96,20260702
20260605,启动前夕,16,601816,601816.SH,京沪高铁,铁路,主板,观望,59.0,,4.95,20260617,4.73,-4.4444,-7.4747,7,4.58,20260702
20260605,启动前夕,17,600496,600496.SH,精工钢构,钢加工,主板,持有,50.0,低,4.14,20260617,3.45,-16.6667,-22.4638,3,3.21,20260702
20260605,启动前夕,18,600018,600018.SH,上港集团,港口,主板,持有,50.0,低,5.04,20260617,4.97,-1.3889,-4.1667,4,4.83,20260702
20260605,启动前夕,19,601169,601169.SH,北京银行,银行,主板,持有,50.0,低,5.14,20260617,5.14,0.0,-2.3346,12,5.02,20260702
20260605,启动前夕,20,601333,601333.SH,广深铁路,铁路,主板,持有,50.0,低,3.08,20260617,3.0,-2.5974,-7.4675,10,2.85,20260702
20260608,启动前夕,1,601997,601997.SH,贵阳银行,银行,主板,买入,68.0,,5.92,20260617,5.58,-5.7432,-11.6554,13,5.23,20260702
20260608,启动前夕,2,600036,600036.SH,招商银行,银行,主板,持有,50.0,低,38.5,20260617,38.23,-0.7013,-4.9351,5,36.6,20260702
20260608,启动前夕,3,601128,601128.SH,常熟银行,银行,主板,买入,70.0,中,7.04,20260617,6.41,-8.9489,-15.625,29,5.94,20260702
20260608,启动前夕,4,601985,601985.SH,中国核电,新型电力,主板,观望,68.0,中,8.98,20260617,9.3,3.5635,-1.8931,8,8.81,20260702
20260608,启动前夕,5,600285,600285.SH,羚锐制药,中成药,主板,买入,68.0,中,21.59,20260617,20.45,-5.2802,-4.4928,7,20.62,20260702
20260608,启动前夕,6,002807,002807.SZ,江阴银行,银行,主板,观望,58.0,中,3.94,20260617,3.95,0.2538,-2.7919,10,3.83,20260702
20260608,启动前夕,7,600900,600900.SH,长江电力,水力发电,主板,持有,50.0,低,27.51,20260617,27.0,-1.8539,-2.0356,19,26.95,20260702
20260608,启动前夕,8,601328,601328.SH,交通银行,银行,主板,持有,50.0,低,6.86,20260617,6.9,0.5831,-5.102,9,6.51,20260702
20260608,启动前夕,9,002033,002033.SZ,丽江股份,旅游景点,主板,,,,8.63,20260617,8.43,-2.3175,-2.8969,1,8.38,20260702
20260608,启动前夕,10,603167,603167.SH,渤海轮渡,水运,主板,持有,50.0,低,9.03,20260617,9.06,0.3322,-0.6645,9,8.97,20260702
20260608,启动前夕,11,601577,601577.SH,长沙银行,银行,主板,持有,72.0,,9.53,20260617,9.39,-1.469,-7.9748,7,8.77,20260702
20260608,启动前夕,12,600177,600177.SH,雅戈尔,服饰,主板,观察,75.0,,7.26,20260617,7.39,1.7906,7.8512,6,7.83,20260702
20260608,启动前夕,13,003000,003000.SZ,劲仔食品,食品,主板,观望,62.0,,10.82,20260617,10.13,-6.3771,-6.0998,4,10.16,20260702
20260608,启动前夕,14,601916,601916.SH,浙商银行,银行,主板,持有,55.0,,3.05,20260617,3.04,-0.3279,-11.1475,13,2.71,20260702
20260608,启动前夕,15,000001,000001.SZ,平安银行,银行,主板,持有,65.0,,11.03,20260617,10.78,-2.2665,-6.7996,3,10.28,20260702
20260608,启动前夕,16,600941,600941.SH,中国移动,电信运营,主板,持有,65.0,中,96.6,20260617,92.98,-3.7474,-8.6439,11,88.25,20260702
20260608,启动前夕,17,600674,600674.SH,川投能源,水力发电,主板,买入,61.0,中,14.97,20260617,14.63,-2.2712,-3.2064,5,14.49,20260702
20260608,启动前夕,18,002641,002641.SZ,公元股份,塑料,主板,观望,45.0,中,4.24,20260617,4.3,1.4151,-7.3113,6,3.93,20260702
20260608,启动前夕,19,603323,603323.SH,苏农银行,银行,主板,买入,73.0,中,4.72,20260617,4.8,1.6949,-15.2542,10,4.0,20260702
20260608,启动前夕,20,601860,601860.SH,紫金银行,银行,主板,持有,50.0,低,2.63,20260617,2.61,-0.7605,-5.7034,10,2.48,20260702
20260610,启动前夕,1,001227,001227.SZ,兰州银行,银行,主板,观望,45.0,低,2.12,20260617,2.13,0.4717,-3.7736,15,2.04,20260702
20260610,启动前夕,2,603323,603323.SH,苏农银行,银行,主板,买入,73.0,中,4.79,20260617,4.8,0.2088,-16.4927,10,4.0,20260702
20260610,启动前夕,3,600928,600928.SH,西安银行,银行,主板,持有,50.0,低,3.56,20260617,3.51,-1.4045,-4.4944,3,3.4,20260702
20260610,启动前夕,4,002061,002061.SZ,浙江交科,建筑工程,主板,观望,35.0,中,3.58,20260617,3.53,-1.3966,-5.0279,4,3.4,20260702
20260610,启动前夕,5,601816,601816.SH,京沪高铁,铁路,主板,观望,59.0,,5.02,20260617,4.73,-5.7769,-8.7649,7,4.58,20260702
20260610,启动前夕,6,002936,002936.SZ,郑州银行,银行,主板,观望,50.0,低,1.77,20260617,1.75,-1.1299,-4.5198,8,1.69,20260702
20260610,启动前夕,7,601528,601528.SH,瑞丰银行,银行,主板,,,,4.79,20260617,4.74,-1.0438,-5.428,1,4.53,20260702
20260610,启动前夕,8,601568,601568.SH,北元集团,化工原料,主板,观望,45.0,,3.77,20260617,3.7,-1.8568,-6.6313,3,3.52,20260702
20260610,启动前夕,9,600908,600908.SH,无锡银行,银行,主板,持有,65.0,,5.53,20260617,5.46,-1.2658,-5.2441,3,5.24,20260702
20260610,启动前夕,10,601997,601997.SH,贵阳银行,银行,主板,买入,68.0,,5.75,20260617,5.58,-2.9565,-9.0435,13,5.23,20260702
20260610,启动前夕,11,002839,002839.SZ,张家港行,银行,主板,观望,44.0,低,4.31,20260617,4.22,-2.0882,-6.7285,11,4.02,20260702
20260610,启动前夕,12,601128,601128.SH,常熟银行,银行,主板,买入,70.0,中,6.47,20260617,6.41,-0.9274,-8.1917,29,5.94,20260702
20260610,启动前夕,13,601921,601921.SH,浙版传媒,出版业,主板,买入,65.0,,7.56,20260617,7.33,-3.0423,-9.127,2,6.87,20260702
20260610,启动前夕,14,003000,003000.SZ,劲仔食品,食品,主板,观望,62.0,,10.81,20260617,10.13,-6.2905,-6.013,4,10.16,20260702
20260610,启动前夕,15,002507,002507.SZ,涪陵榨菜,食品,主板,观望,38.0,高,11.7,20260617,11.55,-1.2821,-4.7863,4,11.14,20260702
20260610,启动前夕,16,002966,002966.SZ,苏州银行,银行,主板,持有,50.0,低,8.29,20260617,8.0,-3.4982,-13.7515,16,7.15,20260702
20260610,启动前夕,17,000521,000521.SZ,长虹美菱,家用电器,主板,,,,5.71,20260617,5.76,0.8757,2.8021,1,5.87,20260702
20260610,启动前夕,18,600926,600926.SH,杭州银行,银行,主板,买入,72.0,,16.61,20260617,16.0,-3.6725,-10.3552,2,14.89,20260702
20260610,启动前夕,19,000166,000166.SZ,申万宏源,证券,主板,买入,72.0,中,4.38,20260617,4.57,4.3379,3.1963,7,4.52,20260702
20260610,启动前夕,20,601658,601658.SH,邮储银行,银行,主板,持有,50.0,低,5.08,20260617,4.98,-1.9685,-2.3622,6,4.96,20260702
20260611,启动前夕,1,001227,001227.SZ,兰州银行,银行,主板,观望,38.0,,2.13,20260617,2.13,0.0,-4.2254,15,2.04,20260702
20260611,启动前夕,2,601568,601568.SH,北元集团,化工原料,主板,观望,35.0,,3.8,20260617,3.7,-2.6316,-7.3684,3,3.52,20260702
20260611,启动前夕,3,601997,601997.SH,贵阳银行,银行,主板,买入,75.0,,5.72,20260617,5.58,-2.4476,-8.5664,13,5.23,20260702
20260611,启动前夕,4,002958,002958.SZ,青农商行,银行,主板,买入,68.0,,2.94,20260617,2.86,-2.7211,-4.7619,12,2.8,20260702
20260611,启动前夕,5,000166,000166.SZ,申万宏源,证券,主板,观望,42.0,,4.42,20260617,4.57,3.3937,2.2624,7,4.52,20260702
20260611,启动前夕,6,601128,601128.SH,常熟银行,银行,主板,买入,68.0,,6.43,20260617,6.41,-0.311,-7.6205,29,5.94,20260702
20260611,启动前夕,7,603323,603323.SH,苏农银行,银行,主板,持有,53.0,,4.76,20260617,4.8,0.8403,-15.9664,10,4.0,20260702
20260611,启动前夕,8,601816,601816.SH,京沪高铁,铁路,主板,观望,55.0,,4.99,20260617,4.73,-5.2104,-8.2164,7,4.58,20260702
20260611,启动前夕,9,002839,002839.SZ,张家港行,银行,主板,观望,55.0,,4.26,20260617,4.22,-0.939,-5.6338,11,4.02,20260702
20260611,启动前夕,10,601916,601916.SH,浙商银行,银行,主板,买入,75.0,,3.08,20260617,3.04,-1.2987,-12.013,13,2.71,20260702
20260611,启动前夕,11,600908,600908.SH,无锡银行,银行,主板,观望,45.0,,5.5,20260617,5.46,-0.7273,-4.7273,3,5.24,20260702
20260611,启动前夕,12,601921,601921.SH,浙版传媒,出版业,主板,持有,68.0,,7.58,20260617,7.33,-3.2982,-9.3668,2,6.87,20260702
20260611,启动前夕,13,601229,601229.SH,上海银行,银行,主板,买入,71.0,,9.14,20260617,9.01,-1.4223,-3.0635,1,8.86,20260702
20260611,启动前夕,14,003000,003000.SZ,劲仔食品,食品,主板,买入,75.0,,10.81,20260617,10.13,-6.2905,-6.013,4,10.16,20260702
20260611,启动前夕,15,600905,600905.SH,三峡能源,新型电力,主板,观望,40.0,,4.16,20260617,4.13,-0.7212,-9.6154,9,3.76,20260702
20260611,启动前夕,16,600926,600926.SH,杭州银行,银行,主板,买入,70.0,,16.61,20260617,16.0,-3.6725,-10.3552,2,14.89,20260702
20260611,启动前夕,17,601825,601825.SH,沪农商行,银行,主板,买入,75.0,,8.8,20260617,8.39,-4.6591,-13.9773,1,7.57,20260702
20260611,启动前夕,18,601077,601077.SH,渝农商行,银行,主板,持有,55.0,,6.96,20260617,6.55,-5.8908,-10.0575,1,6.26,20260702
20260611,启动前夕,19,000598,000598.SZ,兴蓉环境,水务,主板,观望,54.0,,6.91,20260617,6.91,0.0,-3.7627,5,6.65,20260702
20260611,启动前夕,20,601577,601577.SH,长沙银行,银行,主板,买入,80.0,,9.6,20260617,9.39,-2.1875,-8.6458,7,8.77,20260702
20260612,启动前夕,1,603323,603323.SH,苏农银行,银行,主板,观望,55.0,,4.89,20260617,4.8,-1.8405,-18.2004,10,4.0,20260702
20260612,启动前夕,2,000423,000423.SZ,东阿阿胶,中成药,主板,观望,35.0,中,50.48,20260617,47.32,-6.2599,-6.6957,1,47.1,20260702
20260612,启动前夕,3,000651,000651.SZ,格力电器,家用电器,主板,观望,40.0,中,38.53,20260617,37.15,-3.5816,-1.3756,10,38.0,20260702
20260612,启动前夕,4,002839,002839.SZ,张家港行,银行,主板,观望,55.0,,4.3,20260617,4.22,-1.8605,-6.5116,11,4.02,20260702
20260612,启动前夕,5,600030,600030.SH,中信证券,证券,主板,观望,65.0,中,26.29,20260617,27.37,4.108,8.8627,1,28.62,20260702
20260612,启动前夕,6,600285,600285.SH,羚锐制药,中成药,主板,买入,68.0,中,20.83,20260617,20.45,-1.8243,-1.0082,7,20.62,20260702
20260612,启动前夕,7,601916,601916.SH,浙商银行,银行,主板,持有,55.0,,3.08,20260617,3.04,-1.2987,-12.013,13,2.71,20260702
20260612,启动前夕,8,601128,601128.SH,常熟银行,银行,主板,观望,55.0,,6.47,20260617,6.41,-0.9274,-8.1917,29,5.94,20260702
20260612,启动前夕,9,300497,300497.SZ,富祥药业,化学制药,创业板,观望,48.0,中,15.77,20260617,18.22,15.5358,43.3101,1,22.6,20260702
20260612,启动前夕,10,002936,002936.SZ,郑州银行,银行,主板,观望,50.0,低,1.78,20260617,1.75,-1.6854,-5.0562,8,1.69,20260702
20260612,启动前夕,11,600323,600323.SH,瀚蓝环境,环境保护,主板,卖出,25.0,高,30.48,20260617,28.85,-5.3478,-7.6444,1,28.15,20260702
20260612,启动前夕,12,600535,600535.SH,天士力,中成药,主板,买入,72.0,中,14.41,20260617,14.1,-2.1513,-4.5108,1,13.76,20260702
20260612,启动前夕,13,002641,002641.SZ,公元股份,塑料,主板,观望,55.0,低,4.29,20260617,4.3,0.2331,-8.3916,6,3.93,20260702
20260612,启动前夕,14,002818,002818.SZ,富森美,其他商业,主板,买入,70.0,中,11.26,20260617,11.15,-0.9769,-6.7496,5,10.5,20260702
20260612,启动前夕,15,000795,000795.SZ,英洛华,矿物制品,主板,持有,65.0,中,9.32,20260617,9.34,0.2146,4.0773,1,9.7,20260702
20260612,启动前夕,16,600008,600008.SH,首创环保,水务,主板,观望,51.0,中,3.16,20260617,3.14,-0.6329,-13.2911,16,2.74,20260702
20260612,启动前夕,17,600033,600033.SH,福建高速,路桥,主板,买入,63.0,中,3.56,20260617,3.53,-0.8427,-5.3371,7,3.37,20260702
20260612,启动前夕,18,600674,600674.SH,川投能源,水力发电,主板,买入,61.0,中,15.6,20260617,14.63,-6.2179,-7.1154,5,14.49,20260702
20260612,启动前夕,19,603896,603896.SH,寿仙谷,中成药,主板,观望,40.0,中,15.61,20260617,15.72,0.7047,-11.6592,1,13.79,20260702
20260612,启动前夕,20,002668,002668.SZ,TCL智家,家用电器,主板,持有,65.0,中,9.64,20260617,10.06,4.3568,14.4191,2,11.03,20260702
20260617,启动前夕,1,601766,601766.SH,中国中车,运输设备,主板,观望,55.0,中,5.73,20260626,5.22,-8.9005,-6.9808,2,5.33,20260702
20260617,启动前夕,2,001227,001227.SZ,兰州银行,银行,主板,观望,65.0,中,2.13,20260626,2.05,-3.7559,-4.2254,15,2.04,20260702
20260617,启动前夕,3,601668,601668.SH,中国建筑,建筑工程,主板,持有,58.0,中,4.73,20260626,4.4,-6.9767,-6.1311,4,4.44,20260702
20260617,启动前夕,4,601128,601128.SH,常熟银行,银行,主板,买入,70.0,中,6.41,20260626,5.92,-7.6443,-7.3323,29,5.94,20260702
20260617,启动前夕,5,002485,002485.SZ,002485.SZ,商贸代理,主板,买入,65.0,中,4.68,20260626,,,,1,,20260702
20260617,启动前夕,6,002675,002675.SZ,东诚药业,化学制药,主板,观望,63.0,中,12.68,20260626,12.32,-2.8391,1.3407,5,12.85,20260702
20260617,启动前夕,7,002641,002641.SZ,公元股份,塑料,主板,观望,45.0,中,4.3,20260626,3.9,-9.3023,-8.6047,6,3.93,20260702
20260617,启动前夕,8,002286,002286.SZ,保龄宝,食品,主板,观望,45.0,中,9.12,20260626,8.59,-5.8114,-8.3333,1,8.36,20260702
20260617,启动前夕,9,601618,601618.SH,中国中冶,建筑工程,主板,观望,42.0,高,2.75,20260626,2.47,-10.1818,-9.4545,3,2.49,20260702
20260617,启动前夕,10,600558,600558.SH,大西洋,钢加工,主板,卖出,37.0,中,5.53,20260626,4.9,-11.3924,-8.3183,3,5.07,20260702
20260617,启动前夕,11,603323,603323.SH,苏农银行,银行,主板,买入,73.0,中,4.8,20260626,3.94,-17.9167,-16.6667,10,4.0,20260702
20260617,启动前夕,12,000793,000793.SZ,000793.SZ,出版业,主板,观望,45.0,低,2.63,20260626,,,,3,,20260702
20260617,启动前夕,13,300338,300338.SZ,300338.SZ,文教休闲,创业板,观望,45.0,低,3.25,20260626,,,,3,,20260702
20260617,启动前夕,14,601818,601818.SH,光大银行,银行,主板,持有,62.0,中,3.15,20260626,2.97,-5.7143,-5.7143,6,2.97,20260702
20260617,启动前夕,15,002145,002145.SZ,钛能化学,化工原料,主板,持有,58.0,中,4.46,20260626,4.66,4.4843,8.296,1,4.83,20260702
20260617,启动前夕,16,600016,600016.SH,民生银行,银行,主板,买入,63.0,中,3.56,20260626,3.29,-7.5843,-8.1461,10,3.27,20260702
20260617,启动前夕,17,600970,600970.SH,中材国际,建筑工程,主板,买入,75.0,中,8.58,20260626,7.29,-15.035,-16.2005,1,7.19,20260702
20260617,启动前夕,18,002818,002818.SZ,富森美,其他商业,主板,买入,66.0,中,11.15,20260626,10.67,-4.3049,-5.8296,5,10.5,20260702
20260617,启动前夕,19,000598,000598.SZ,兴蓉环境,水务,主板,观望,52.0,中,6.91,20260626,6.46,-6.5123,-3.7627,5,6.65,20260702
20260617,启动前夕,20,000928,000928.SZ,中钢国际,建筑工程,主板,观望,45.0,低,5.85,20260626,5.12,-12.4786,-14.5299,1,5.0,20260702
20260618,启动前夕,1,600010,600010.SH,包钢股份,普钢,主板,买入,63.0,中,2.43,20260626,2.22,-8.642,-8.642,3,2.22,20260702
20260618,启动前夕,2,600166,600166.SH,福田汽车,汽车整车,主板,买入,66.0,中,3.15,20260626,3.0,-4.7619,-5.3968,2,2.98,20260702
20260618,启动前夕,3,600716,600716.SH,凤凰股份,区域地产,主板,观望,50.0,中,3.73,20260626,3.38,-9.3834,-8.0429,1,3.43,20260702
20260618,启动前夕,4,002554,002554.SZ,惠博普,石油开采,主板,买入,68.0,中,3.23,20260626,3.02,-6.5015,-5.8824,1,3.04,20260702
20260618,启动前夕,5,002675,002675.SZ,东诚药业,化学制药,主板,观望,55.0,中,12.72,20260626,12.32,-3.1447,1.022,5,12.85,20260702
20260618,启动前夕,6,002211,002211.SZ,002211.SZ,橡胶,主板,观望,55.0,低,3.82,20260626,,,,1,,20260702
20260618,启动前夕,7,002818,002818.SZ,富森美,其他商业,主板,观望,68.0,中,11.24,20260626,10.67,-5.0712,-6.5836,5,10.5,20260702
20260618,启动前夕,8,600558,600558.SH,大西洋,钢加工,主板,观望,65.0,中,5.56,20260626,4.9,-11.8705,-8.8129,3,5.07,20260702
20260618,启动前夕,9,002116,002116.SZ,中国海诚,建筑工程,主板,观望,60.0,中,9.03,20260626,6.75,-25.2492,-24.031,2,6.86,20260702
20260618,启动前夕,10,001205,001205.SZ,盛航股份,水运,主板,买入,65.0,中,14.12,20260626,14.05,-0.4958,-2.6204,3,13.75,20260702
20260618,启动前夕,11,000157,000157.SZ,中联重科,工程机械,主板,持有,65.0,中,7.58,20260626,7.31,-3.562,-7.9156,1,6.98,20260702
20260618,启动前夕,12,002901,002901.SZ,大博医疗,医疗保健,主板,买入,75.0,中,42.27,20260626,41.86,-0.97,3.0518,4,43.56,20260702
20260618,启动前夕,13,000779,000779.SZ,甘咨询,建筑工程,主板,买入,65.0,中,7.71,20260626,7.66,-0.6485,5.3178,3,8.12,20260702
20260618,启动前夕,14,300185,300185.SZ,通裕重工,工程机械,创业板,观望,55.0,中,2.78,20260626,2.75,-1.0791,2.1583,2,2.84,20260702
20260618,启动前夕,15,600998,600998.SH,九州通,医药商业,主板,持有,74.0,中,4.83,20260626,4.62,-4.3478,0.4141,3,4.85,20260702
20260618,启动前夕,16,300338,300338.SZ,300338.SZ,文教休闲,创业板,观望,35.0,低,3.23,20260626,,,,3,,20260702
20260618,启动前夕,17,601985,601985.SH,中国核电,新型电力,主板,观望,68.0,中,9.12,20260626,8.93,-2.0833,-3.3991,8,8.81,20260702
20260618,启动前夕,18,600682,600682.SH,南京新百,生物制药,主板,观望,48.0,低,5.9,20260626,5.26,-10.8475,-8.8136,1,5.38,20260702
20260618,启动前夕,19,002516,002516.SZ,旷达科技,汽车配件,主板,持有,52.0,中,6.08,20260626,5.55,-8.7171,-7.7303,1,5.61,20260702
20260618,启动前夕,20,600713,600713.SH,南京医药,医药商业,主板,观望,50.0,中,4.98,20260626,5.07,1.8072,1.6064,3,5.06,20260702
20260622,启动前夕,1,600713,600713.SH,南京医药,医药商业,主板,持有,50.0,低,5.0,20260626,5.07,1.4,1.2,3,5.06,20260702
20260622,启动前夕,2,600572,600572.SH,康恩贝,中成药,主板,持有,50.0,低,4.13,20260626,3.88,-6.0533,-1.6949,2,4.06,20260702
20260622,启动前夕,3,002818,002818.SZ,富森美,其他商业,主板,持有,50.0,低,11.39,20260626,10.67,-6.3213,-7.8139,5,10.5,20260702
20260622,启动前夕,4,000793,000793.SZ,000793.SZ,出版业,主板,持有,50.0,低,2.64,20260626,,,,3,,20260702
20260622,启动前夕,5,600177,600177.SH,雅戈尔,服饰,主板,持有,50.0,低,7.5,20260626,7.51,0.1333,4.4,6,7.83,20260702
20260622,启动前夕,6,001205,001205.SZ,盛航股份,水运,主板,持有,50.0,低,14.22,20260626,14.05,-1.1955,-3.3052,3,13.75,20260702
20260622,启动前夕,7,600704,600704.SH,物产中大,仓储物流,主板,持有,50.0,低,4.83,20260626,4.75,-1.6563,-0.8282,5,4.79,20260702
20260622,启动前夕,8,601390,601390.SH,中国中铁,建筑工程,主板,持有,50.0,低,4.65,20260626,4.22,-9.2473,-8.3871,1,4.26,20260702
20260622,启动前夕,9,002675,002675.SZ,东诚药业,化学制药,主板,持有,50.0,低,12.56,20260626,12.32,-1.9108,2.3089,5,12.85,20260702
20260622,启动前夕,10,600998,600998.SH,九州通,医药商业,主板,持有,50.0,低,4.79,20260626,4.62,-3.5491,1.2526,3,4.85,20260702
20260622,启动前夕,11,601186,601186.SH,中国铁建,建筑工程,主板,持有,50.0,低,6.36,20260626,6.02,-5.3459,-4.4025,1,6.08,20260702
20260622,启动前夕,12,600054,600054.SH,黄山旅游,旅游景点,主板,持有,50.0,低,10.97,20260626,10.82,-1.3674,0.0,2,10.97,20260702
20260622,启动前夕,13,601766,601766.SH,中国中车,运输设备,主板,持有,50.0,低,5.67,20260626,5.22,-7.9365,-5.9965,2,5.33,20260702
20260622,启动前夕,14,600210,600210.SH,紫江企业,广告包装,主板,持有,50.0,低,6.57,20260626,6.29,-4.2618,-4.8706,1,6.25,20260702
20260622,启动前夕,15,600182,600182.SH,S佳通,汽车配件,主板,持有,50.0,低,14.02,20260626,12.74,-9.1298,0.9272,1,14.15,20260702
20260622,启动前夕,16,300338,300338.SZ,300338.SZ,文教休闲,创业板,持有,50.0,低,3.19,20260626,,,,3,,20260702
20260622,启动前夕,17,000563,000563.SZ,陕国投Ａ,多元金融,主板,持有,50.0,低,2.97,20260626,2.81,-5.3872,-4.3771,6,2.84,20260702
20260622,启动前夕,18,002901,002901.SZ,大博医疗,医疗保健,主板,持有,50.0,低,41.75,20260626,41.86,0.2635,4.3353,4,43.56,20260702
20260622,启动前夕,19,002605,002605.SZ,姚记科技,互联网,主板,持有,50.0,低,18.56,20260626,18.27,-1.5625,0.9159,2,18.73,20260702
20260622,启动前夕,20,601949,601949.SH,中国出版,出版业,主板,持有,50.0,低,5.1,20260626,4.69,-8.0392,-5.6863,1,4.81,20260702
20260623,启动前夕,1,000563,000563.SZ,陕国投Ａ,多元金融,主板,持有,55.0,中,2.97,20260626,2.81,-5.3872,-4.3771,6,2.84,20260702
20260623,启动前夕,2,002675,002675.SZ,东诚药业,化学制药,主板,观望,58.0,中,12.75,20260626,12.32,-3.3725,0.7843,5,12.85,20260702
20260623,启动前夕,3,001227,001227.SZ,兰州银行,银行,主板,观望,45.0,低,2.14,20260626,2.05,-4.2056,-4.6729,15,2.04,20260702
20260623,启动前夕,4,600015,600015.SH,华夏银行,银行,主板,观望,45.0,中,6.84,20260626,6.51,-4.8246,-3.3626,4,6.61,20260702
20260623,启动前夕,5,000650,000650.SZ,仁和药业,中成药,主板,观望,41.0,中,5.27,20260626,4.99,-5.3131,-0.5693,2,5.24,20260702
20260623,启动前夕,6,002958,002958.SZ,青农商行,银行,主板,观望,40.0,中,2.88,20260626,2.77,-3.8194,-2.7778,12,2.8,20260702
20260623,启动前夕,7,600054,600054.SH,黄山旅游,旅游景点,主板,观望,45.0,中,11.11,20260626,10.82,-2.6103,-1.2601,2,10.97,20260702
20260623,启动前夕,8,600020,600020.SH,中原高速,路桥,主板,卖出,39.0,中,3.9,20260626,3.78,-3.0769,-4.6154,3,3.72,20260702
20260623,启动前夕,9,600261,600261.SH,阳光照明,家用电器,主板,观望,55.0,低,3.23,20260626,3.11,-3.7152,-4.9536,1,3.07,20260702
20260623,启动前夕,10,600177,600177.SH,雅戈尔,服饰,主板,观望,59.0,中,7.58,20260626,7.51,-0.9235,3.2982,6,7.83,20260702
20260623,启动前夕,11,000793,000793.SZ,000793.SZ,出版业,主板,买入,65.0,低,2.6,20260626,,,,3,,20260702
20260623,启动前夕,12,002753,002753.SZ,永东股份,化工原料,主板,观望,45.0,低,6.47,20260626,5.7,-11.9011,-9.8918,1,5.83,20260702
20260623,启动前夕,13,000726,000726.SZ,鲁泰Ａ,纺织,主板,观望,44.0,中,5.78,20260626,5.49,-5.0173,-1.5571,1,5.69,20260702
20260623,启动前夕,14,002818,002818.SZ,富森美,其他商业,主板,买入,72.0,中,11.36,20260626,10.67,-6.0739,-7.5704,5,10.5,20260702
20260623,启动前夕,15,600017,600017.SH,日照港,港口,主板,观望,45.0,低,2.67,20260626,2.54,-4.8689,-3.3708,2,2.58,20260702
20260623,启动前夕,16,000166,000166.SZ,申万宏源,证券,主板,买入,70.0,中,4.61,20260626,4.4,-4.5553,-1.9523,7,4.52,20260702
20260623,启动前夕,17,600390,600390.SH,五矿资本,多元金融,主板,买入,65.0,中,4.85,20260626,4.53,-6.5979,-2.268,2,4.74,20260702
20260623,启动前夕,18,002644,002644.SZ,佛慈制药,中成药,主板,观望,41.0,中,7.57,20260626,7.03,-7.1334,-5.4161,1,7.16,20260702
20260623,启动前夕,19,002408,002408.SZ,齐翔腾达,化工原料,主板,持有,50.0,低,5.14,20260626,4.76,-7.393,-2.1401,1,5.03,20260702
20260623,启动前夕,20,002839,002839.SZ,张家港行,银行,主板,观望,44.0,低,4.21,20260626,4.0,-4.9881,-4.5131,11,4.02,20260702
20260625,启动前夕,1,600998,600998.SH,九州通,医药商业,主板,买入,75.0,中,4.83,20260626,4.62,-4.3478,0.4141,3,4.85,20260702
20260625,启动前夕,2,002901,002901.SZ,大博医疗,医疗保健,主板,买入,75.0,中,42.02,20260626,41.86,-0.3808,3.6649,4,43.56,20260702
20260625,启动前夕,3,600179,600179.SH,安通控股,水运,主板,持有,70.0,中,4.61,20260626,4.73,2.603,0.6508,2,4.64,20260702
20260625,启动前夕,4,000779,000779.SZ,甘咨询,建筑工程,主板,观望,56.0,中,7.77,20260626,7.66,-1.4157,4.5045,3,8.12,20260702
20260625,启动前夕,5,600390,600390.SH,五矿资本,多元金融,主板,持有,68.0,中,4.83,20260626,4.53,-6.2112,-1.8634,2,4.74,20260702
20260625,启动前夕,6,600177,600177.SH,雅戈尔,服饰,主板,买入,65.0,中,7.44,20260626,7.51,0.9409,5.2419,6,7.83,20260702
20260625,启动前夕,7,601236,601236.SH,红塔证券,证券,主板,持有,68.0,中,7.04,20260626,6.76,-3.9773,-1.2784,1,6.95,20260702
20260625,启动前夕,8,000166,000166.SZ,申万宏源,证券,主板,买入,72.0,中,4.6,20260626,4.4,-4.3478,-1.7391,7,4.52,20260702
20260625,启动前夕,9,002493,002493.SZ,荣盛石化,化纤,主板,观望,60.0,中,11.71,20260626,11.38,-2.8181,-5.1238,1,11.11,20260702
20260625,启动前夕,10,603456,603456.SH,九洲药业,医疗保健,主板,买入,72.0,中,13.14,20260626,12.84,-2.2831,10.4262,1,14.51,20260702
20260625,启动前夕,11,600166,600166.SH,福田汽车,汽车整车,主板,买入,63.0,中,3.11,20260626,3.0,-3.537,-4.1801,2,2.98,20260702
20260625,启动前夕,12,002736,002736.SZ,国信证券,证券,主板,观望,58.0,中,10.47,20260626,9.99,-4.5845,-2.0057,1,10.26,20260702
20260625,启动前夕,13,600380,600380.SH,健康元,化学制药,主板,观望,35.0,中,9.85,20260626,9.29,-5.6853,0.203,1,9.87,20260702
20260625,启动前夕,14,600428,600428.SH,中远海特,水运,主板,买入,78.0,中,8.18,20260626,8.09,-1.1002,4.2787,2,8.53,20260702
20260625,启动前夕,15,603087,603087.SH,甘李药业,生物制药,主板,买入,70.0,中,56.69,20260626,53.77,-5.1508,0.9878,1,57.25,20260702
20260625,启动前夕,16,002587,002587.SZ,奥拓电子,元器件,主板,买入,65.0,中,6.92,20260626,7.33,5.9249,3.9017,1,7.19,20260702
20260625,启动前夕,17,601156,601156.SH,东航物流,仓储物流,主板,观望,54.0,低,16.5,20260626,16.26,-1.4545,7.9394,1,17.81,20260702
20260625,启动前夕,18,000915,000915.SZ,华特达因,化学制药,主板,买入,74.0,中,27.91,20260626,27.0,-3.2605,-9.4948,3,25.26,20260702
20260625,启动前夕,19,002206,002206.SZ,海利得,化纤,主板,买入,71.0,中,5.45,20260626,5.32,-2.3853,0.367,1,5.47,20260702
20260625,启动前夕,20,002675,002675.SZ,东诚药业,化学制药,主板,买入,68.0,中,12.89,20260626,12.32,-4.422,-0.3103,5,12.85,20260702
20260626,启动前夕,1,600177,600177.SH,雅戈尔,服饰,主板,观察,75.0,,7.51,20260629,7.51,0.0,4.261,6,7.83,20260702
20260626,启动前夕,2,600713,600713.SH,南京医药,医药商业,主板,观察,65.0,,5.07,20260629,5.07,0.0,-0.1972,3,5.06,20260702
20260626,启动前夕,3,002901,002901.SZ,大博医疗,医疗保健,主板,观察,75.0,,41.86,20260629,41.86,0.0,4.0612,4,43.56,20260702
20260626,启动前夕,4,601878,601878.SH,浙商证券,证券,主板,观察,65.0,,9.51,20260629,9.51,0.0,1.7876,1,9.68,20260702
20260626,启动前夕,5,601099,601099.SH,太平洋,证券,主板,观察,75.0,,3.37,20260629,3.37,0.0,3.2641,2,3.48,20260702
20260626,启动前夕,6,000782,000782.SZ,恒申新材,化纤,主板,观察,68.0,,7.71,20260629,7.71,0.0,2.0752,1,7.87,20260702
20260626,启动前夕,7,600179,600179.SH,安通控股,水运,主板,观察,72.0,,4.73,20260629,4.73,0.0,-1.9027,2,4.64,20260702
20260626,启动前夕,8,000931,000931.SZ,中关村,化学制药,主板,观察,65.0,,4.24,20260629,4.24,0.0,-0.7075,1,4.21,20260702
20260626,启动前夕,9,600061,600061.SH,国投资本,证券,主板,观察,72.0,,6.51,20260629,6.51,0.0,0.4608,1,6.54,20260702
20260626,启动前夕,10,300441,300441.SZ,鲍斯股份,机床制造,创业板,观察,70.0,,6.32,20260629,6.32,0.0,5.0633,2,6.64,20260702
20260626,启动前夕,11,601319,601319.SH,中国人保,保险,主板,观察,65.0,,6.91,20260629,6.91,0.0,4.4863,1,7.22,20260702
20260626,启动前夕,12,600428,600428.SH,中远海特,水运,主板,观察,75.0,,8.09,20260629,8.09,0.0,5.4388,2,8.53,20260702
20260626,启动前夕,13,002926,002926.SZ,华西证券,证券,主板,观察,72.0,,8.21,20260629,8.21,0.0,1.7052,1,8.35,20260702
20260626,启动前夕,14,000541,000541.SZ,佛山照明,家用电器,主板,观察,70.0,,5.14,20260629,5.14,0.0,1.751,1,5.23,20260702
20260626,启动前夕,15,000779,000779.SZ,甘咨询,建筑工程,主板,观察,75.0,,7.66,20260629,7.66,0.0,6.0052,3,8.12,20260702
20260626,启动前夕,16,600567,600567.SH,山鹰国际,造纸,主板,观察,70.0,,1.39,20260629,1.39,0.0,0.0,1,1.39,20260702
20260626,启动前夕,17,603917,603917.SH,合力科技,汽车配件,主板,观察,68.0,,12.09,20260629,12.09,0.0,6.6998,1,12.9,20260702
20260626,启动前夕,18,001205,001205.SZ,盛航股份,水运,主板,观察,70.0,,14.05,20260629,14.05,0.0,-2.1352,3,13.75,20260702
20260626,启动前夕,19,002084,002084.SZ,海鸥住工,家居用品,主板,观察,65.0,,3.48,20260629,3.48,0.0,5.1724,1,3.66,20260702
20260626,启动前夕,20,600029,600029.SH,南方航空,空运,主板,观察,65.0,,5.41,20260629,5.41,0.0,-2.7726,1,5.26,20260702
20260702,启动前夕,1,301507,301507.SZ,民生健康,化学制药,创业板,,,,12.3,,,,0.0,1,12.3,20260702
20260702,O2C日内因子,1,600509,600509.SH,天富能源,,,,,中,,,,,,,,
20260702,T+1胜率因子,1,600562,600562.SH,国睿科技,,,,,,,,,,,,,
20260702,启动前夕,2,000651,000651.SZ,格力电器,家用电器,主板,观望,40.0,中,38.0,,,,0.0,10,38.0,20260702
20260702,O2C日内因子,2,002635,002635.SZ,安洁科技,,,,,中,,,,,,,,
20260702,T+1胜率因子,2,603255,603255.SH,鼎际得,,,,,,,,,,,,,
20260702,启动前夕,3,603350,603350.SH,安乃达,电气设备,主板,,,,31.09,,,,0.0,1,31.09,20260702
20260702,O2C日内因子,3,601991,601991.SH,大唐发电,,,,,中,,,,,,,,
20260702,T+1胜率因子,3,601827,601827.SH,三峰环境,,,,,,,,,,,,,
20260702,启动前夕,4,300883,300883.SZ,龙利得,造纸,创业板,,,,6.53,,,,0.0,1,6.53,20260702
20260702,O2C日内因子,4,300986,300986.SZ,志特新材,,,,,中,,,,,,,,
20260702,T+1胜率因子,4,603170,603170.SH,宝立食品,,,,,,,,,,,,,
20260702,启动前夕,5,600900,600900.SH,长江电力,水力发电,主板,持有,50.0,低,26.95,,,,0.0,19,26.95,20260702
20260702,O2C日内因子,5,300687,300687.SZ,赛意信息,,,,,中,,,,,,,,
20260702,T+1胜率因子,5,603866,603866.SH,桃李面包,,,,,,,,,,,,,
20260702,启动前夕,6,002605,002605.SZ,姚记科技,互联网,主板,持有,50.0,低,18.73,,,,0.0,2,18.73,20260702
20260702,O2C日内因子,6,300803,300803.SZ,指南针,,,,,中,,,,,,,,
20260702,T+1胜率因子,6,603722,603722.SH,阿科力,,,,,,,,,,,,,
20260702,启动前夕,7,001308,001308.SZ,康冠科技,元器件,主板,,,,21.16,,,,0.0,1,21.16,20260702
20260702,O2C日内因子,7,600737,600737.SH,中粮糖业,,,,,中,,,,,,,,
20260702,T+1胜率因子,7,603216,603216.SH,梦天家居,,,,,,,,,,,,,
20260702,启动前夕,8,002236,002236.SZ,大华股份,IT设备,主板,持有,50.0,低,16.51,,,,0.0,2,16.51,20260702
20260702,O2C日内因子,8,603859,603859.SH,能科科技,,,,,中,,,,,,,,
20260702,T+1胜率因子,8,603536,603536.SH,惠发食品,,,,,,,,,,,,,
20260702,启动前夕,9,002833,002833.SZ,弘亚数控,专用机械,主板,,,,18.55,,,,0.0,1,18.55,20260702
20260702,O2C日内因子,9,600208,600208.SH,衢州发展,,,,,中,,,,,,,,
20260702,T+1胜率因子,9,603519,603519.SH,立霸股份,,,,,,,,,,,,,
20260702,启动前夕,10,301665,301665.SZ,泰禾股份,农药化肥,创业板,观望,52.0,中,21.79,,,,0.0,3,21.79,20260702
20260702,O2C日内因子,10,002053,002053.SZ,云南能投,,,,,中,,,,,,,,
20260702,T+1胜率因子,10,600760,600760.SH,中航沈飞,,,,,,,,,,,,,
20260702,启动前夕,11,300469,300469.SZ,信息发展,软件服务,创业板,,,,53.74,,,,0.0,1,53.74,20260702
20260702,O2C日内因子,11,300436,300436.SZ,广生堂,,,,,中,,,,,,,,
20260702,T+1胜率因子,11,605555,605555.SH,德昌股份,,,,,,,,,,,,,
20260702,启动前夕,12,300452,300452.SZ,山河药辅,化学制药,创业板,,,,12.2,,,,0.0,1,12.2,20260702
20260702,O2C日内因子,12,002131,002131.SZ,利欧股份,,,,,中,,,,,,,,
20260702,T+1胜率因子,12,601992,601992.SH,金隅集团,,,,,,,,,,,,,
20260702,启动前夕,13,300453,300453.SZ,三鑫医疗,医疗保健,创业板,,,,9.37,,,,0.0,1,9.37,20260702
20260702,O2C日内因子,13,300085,300085.SZ,银之杰,,,,,中,,,,,,,,
20260702,T+1胜率因子,13,600831,600831.SH,广电网络,,,,,,,,,,,,,
20260702,启动前夕,14,601985,601985.SH,中国核电,新型电力,主板,观望,68.0,中,8.81,,,,0.0,8,8.81,20260702
20260702,O2C日内因子,14,002831,002831.SZ,裕同科技,,,,,中,,,,,,,,
20260702,T+1胜率因子,14,600600,600600.SH,青岛啤酒,,,,,,,,,,,,,
20260702,启动前夕,15,600285,600285.SH,羚锐制药,中成药,主板,买入,68.0,中,20.62,,,,0.0,7,20.62,20260702
20260702,O2C日内因子,15,300260,300260.SZ,新莱应材,,,,,中,,,,,,,,
20260702,T+1胜率因子,15,600207,600207.SH,安彩高科,,,,,,,,,,,,,
20260702,启动前夕,16,600198,600198.SH,大唐电信,通信设备,主板,,,,9.44,,,,0.0,1,9.44,20260702
20260702,O2C日内因子,16,000603,000603.SZ,盛达资源,,,,,中,,,,,,,,
20260702,T+1胜率因子,16,600809,600809.SH,山西汾酒,,,,,,,,,,,,,
20260702,启动前夕,17,002870,002870.SZ,香山股份,汽车配件,主板,,,,40.34,,,,0.0,1,40.34,20260702
20260702,O2C日内因子,17,002787,002787.SZ,华源控股,,,,,中,,,,,,,,
20260702,T+1胜率因子,17,603218,603218.SH,日月股份,,,,,,,,,,,,,
20260702,启动前夕,18,002845,002845.SZ,同兴达,元器件,主板,,,,16.15,,,,0.0,1,16.15,20260702
20260702,O2C日内因子,18,300377,300377.SZ,赢时胜,,,,,中,,,,,,,,
20260702,T+1胜率因子,18,600009,600009.SH,上海机场,,,,,,,,,,,,,
20260702,启动前夕,19,301336,301336.SZ,趣睡科技,家居用品,创业板,,,,39.67,,,,0.0,1,39.67,20260702
20260702,O2C日内因子,19,301200,301200.SZ,大族数控,,,,,中,,,,,,,,
20260702,T+1胜率因子,19,600996,600996.SH,贵广网络,,,,,,,,,,,,,
20260702,启动前夕,20,301301,301301.SZ,川宁生物,化学制药,创业板,,,,8.39,,,,0.0,1,8.39,20260702
20260702,O2C日内因子,20,301183,301183.SZ,东田微,,,,,中,,,,,,,,
20260702,T+1胜率因子,20,603829,603829.SH,洛凯股份,,,,,,,,,,,,,
